Country Name,Country Code,Counterpart-Area Name,Counterpart-Area Code,Series Name,Series Code,1970 [YR1970],1971 [YR1971],1972 [YR1972],1973 [YR1973],1974 [YR1974],1975 [YR1975],1976 [YR1976],1977 [YR1977],1978 [YR1978],1979 [YR1979],1980 [YR1980],1981 [YR1981],1982 [YR1982],1983 [YR1983],1984 [YR1984],1985 [YR1985],1986 [YR1986],1987 [YR1987],1988 [YR1988],1989 [YR1989],1990 [YR1990],1991 [YR1991],1992 [YR1992],1993 [YR1993],1994 [YR1994],1995 [YR1995],1996 [YR1996],1997 [YR1997],1998 [YR1998],1999 [YR1999],2000 [YR2000],2001 [YR2001],2002 [YR2002],2003 [YR2003],2004 [YR2004],2005 [YR2005],2006 [YR2006],2007 [YR2007],2008 [YR2008],2009 [YR2009],2010 [YR2010],2011 [YR2011],2012 [YR2012],2013 [YR2013],2014 [YR2014],2015 [YR2015],2016 [YR2016],2017 [YR2017],2018 [YR2018],2019 [YR2019],2020 [YR2020],2021 [YR2021],2022 [YR2022],2023 [YR2023],2024 [YR2024],2025 [YR2025],2026 [YR2026],2027 [YR2027],2028 [YR2028],2029 [YR2029],2030 [YR2030]
Afghanistan,AFG,World,WLD,"Currency composition of PPG debt, U.S. dollars (%)",DT.CUR.USDL.ZS,..,..,..,..,..,..,..,..,..,..,..,..,..,..,..,..,..,..,..,..,..,..,..,..,..,..,..,..,..,..,..,..,..,..,..,..,72.1838,82.0077,82.6347,79.9623,75.3835,73.8642,73.2074,72.7916,72.119,71.5365,71.6963,71.4215,71.4005,70.7864,70.6726,71.0905,71.5724,..,..,..,..,..,..,..,..
Albania,ALB,World,WLD,"Currency composition of PPG debt, U.S. dollars (%)",DT.CUR.USDL.ZS,..,..,..,..,..,..,..,..,..,..,..,..,..,..,..,..,..,..,..,..,..,16.0846,12.8998,45.9121,55.9076,60.4846,60.5537,59.0873,60.3346,62.409,73.2649,74.0909,61.8015,59.8183,58.4333,58.4706,54.9696,52.0908,40.1926,34.5351,30.5812,30.8557,32.3341,32.0243,37.0724,33.7267,34.6949,38.6747,39.4211,41.9899,37.2818,34.3902,35.4623,..,..,..,..,..,..,..,..
Algeria,DZA,World,WLD,"Currency composition of PPG debt, U.S. dollars (%)",DT.CUR.USDL.ZS,36.9648,41.1115,43.7869,39.446,43.9014,47.4188,47.8249,43.3465,40.3788,40.0405,41.4748,45.8505,46.9728,47.1884,44.6196,37.0838,34.1476,31.7824,37.0995,37.2235,33.4869,33.5929,39.394,42.5316,40.4648,37.9511,38.7052,41.4423,44.7839,44.4241,44.6066,46.448,42.708,37.3117,36.0511,40.8246,29.0366,28.4434,29.2788,28.8879,30.0206,32.2458,15.7772,12.9633,12.1137,10.7537,3.4616,1.2213,0.0891,0.0084,0,0,0,..,..,..,..,..,..,..,..
Angola,AGO,World,WLD,"Currency composition of PPG debt, U.S. dollars (%)",DT.CUR.USDL.ZS,..,..,..,..,..,..,..,..,..,..,..,..,..,..,..,..,..,..,..,81.1018,80.6556,80.2262,81.8043,82.6879,81.9552,80.9636,86.8877,87.3821,85.7724,86.2272,86.2936,85.205,84.5875,85.0388,83.2174,87.3314,89.748,90.5096,90.133,88.275,89.6393,90.1291,89.2525,89.5401,90.8066,91.284,91.8073,91.0572,91.7833,91.6605,90.7719,90.4606,90.5126,..,..,..,..,..,..,..,..
Argentina,ARG,World,WLD,"Currency composition of PPG debt, U.S. dollars (%)",DT.CUR.USDL.ZS,45.6812,49.7009,52.5138,47.255,51.1669,51.1442,59.7698,56.1678,49.6828,58.0981,63.5014,65.2954,73.7149,62.3847,69.1914,79.1493,75.781,58.121,60.1253,63.05,54.188,54.0397,55.6013,68.5755,64.7365,57.2487,55.6736,59.3314,61.2525,57.534,58.6955,66.655,63.5441,60.8376,61.3285,57.1953,56.6726,54.9741,57.6307,59.0756,64.5391,67.6692,67.3645,66.4298,69.7062,69.6138,66.6773,67.5774,71.6776,73.6521,89.3016,90.7706,91.4307,..,..,..,..,..,..,..,..
Armenia,ARM,World,WLD,"Currency composition of PPG debt, U.S. dollars (%)",DT.CUR.USDL.ZS,..,..,..,..,..,..,..,..,..,..,..,..,..,..,..,..,..,..,..,..,..,..,..,31.8733,41.987,62.5532,75.7003,86.0425,91.3416,90.5245,90.6339,89.9149,89.9268,90.1243,87.4334,85.9955,82.235,73.6236,66.9625,66.4613,63.7167,61.9336,61.9064,65.6511,66.1482,69.5534,70.6587,70.6056,70.9844,72.2556,70.5976,74.6596,73.0335,..,..,..,..,..,..,..,..
Azerbaijan,AZE,World,WLD,"Currency composition of PPG debt, U.S. dollars (%)",DT.CUR.USDL.ZS,..,..,..,..,..,..,..,..,..,..,..,..,..,..,..,..,..,..,..,..,..,..,..,0,57.4254,51.3901,59.9964,98.9318,93.2664,73.6216,61.0703,60.6581,53.51,52.0106,53.5063,53.841,52.4645,52.2199,52.1178,51.3618,50.0391,51.9214,59.9607,60.2616,72.1832,72.6869,77.7693,77.0187,72.9881,74.8805,73.9905,76.0161,78.6181,..,..,..,..,..,..,..,..
Bangladesh,BGD,World,WLD,"Currency composition of PPG debt, U.S. dollars (%)",DT.CUR.USDL.ZS,..,..,8.8024,8.5741,20.7351,25.1137,26.3602,26.5144,28.3727,37.6286,38.0193,41.0688,45.8641,49.1188,53.87,53.2443,51.2445,48.8934,48.8283,50.5371,51.2141,49.1385,48.2475,46.7385,43.5016,43.9365,44.2574,45.1406,44.5481,44.4298,46.1366,48.6848,48.7574,50.7134,50.8844,52.3095,53.8536,55.7331,56.0026,56.9489,55.5695,53.6834,56.7371,58.5797,61.6635,62.8298,63.7322,63.8128,65.6405,66.1967,65.9307,68.5026,69.9539,..,..,..,..,..,..,..,..
Belarus,BLR,World,WLD,"Currency composition of PPG debt, U.S. dollars (%)",DT.CUR.USDL.ZS,..,..,..,..,..,..,..,..,..,..,..,..,..,..,..,..,..,..,..,..,..,..,..,63.8919,54.277,50.8244,26.2413,33.7801,39.1571,43.884,48.9203,53.2052,55.4514,52.2941,61.604,71.778,61.0813,90.17,95.4155,91.8482,81.0766,85.6798,95.3184,95.7883,89.4439,87.7952,88.9573,90.1717,92.0585,87.7752,85.6134,81.5252,82.1997,..,..,..,..,..,..,..,..
Belize,BLZ,World,WLD,"Currency composition of PPG debt, U.S. dollars (%)",DT.CUR.USDL.ZS,0,0,2.8605,2.901,6.257,6.7328,23.7072,35.3278,25.873,21.7584,29.2813,28.1265,32.4623,32.8719,36.1275,37.7908,38.1958,37.0359,40.2231,43.5063,45.2542,46.3726,52.4897,56.4896,55.8279,62.6666,67.8007,68.843,84.1047,88.724,92.5931,93.0606,93.8242,96.075,95.5538,96.4612,96.6003,96.8397,97.4898,97.7154,97.9044,97.8421,98.0193,98.187,98.3731,98.6881,98.7865,98.4556,98.5168,98.3688,98.4714,98.4728,98.5601,..,..,..,..,..,..,..,..
Benin,BEN,World,WLD,"Currency composition of PPG debt, U.S. dollars (%)",DT.CUR.USDL.ZS,10.5938,9.1679,10.8035,5.6847,7.1989,11.3509,13.4711,20.8845,21.7121,19.4586,19.4495,21.6841,25.2284,30.2071,33.7698,32.1674,31.0404,29.7635,31.3109,35.1236,40.1915,39.5789,39.949,40.8451,41.7511,45.0236,47.5631,48.5573,47.6676,49.5596,54.3712,55.2711,54.1106,55.3261,51.8717,50.3806,26.7541,27.3284,29.186,28.827,32.183,31.4372,31.4226,32.1673,34.1955,35.4983,37.9117,36.1943,29.8965,29.8783,29.4386,24.6292,27.7197,..,..,..,..,..,..,..,..
Bhutan,BTN,World,WLD,"Currency composition of PPG debt, U.S. dollars (%)",DT.CUR.USDL.ZS,..,..,..,..,..,..,..,..,..,..,..,0,0,0,0.7175,6.2176,10.9747,21.1233,49.3565,47.3997,43.0708,39.7187,36.2698,32.3887,29.5747,28.5558,24.8989,21.6145,15.7095,15.5195,17.7053,17.567,18.2846,17.7787,17.6239,18.2722,19.2427,18.9824,22.9308,23.2595,21.672,22.8667,20.3319,18.7176,17.1815,16.5179,14.4377,14.4132,15.8836,18.0215,20.3417,21.935,25.8942,..,..,..,..,..,..,..,..
Bolivia,BOL,World,WLD,"Currency composition of PPG debt, U.S. dollars (%)",DT.CUR.USDL.ZS,67.807,74.5243,73.5927,72.1377,72.721,72.8852,73.127,71.8888,67.0986,62.6797,62.7019,67.7224,67.3367,71.8198,73.3667,68.777,64.3044,62.1582,57.2635,44.4368,40.219,32.891,32.3367,29.8295,30.3559,32.0472,34.4206,36.4472,38.3219,41.4802,44.3374,59.817,64.7403,70.335,72.6627,75.0403,65.8445,77.2608,79.512,82.2881,85.2469,87.376,89.3795,90.2996,90.6228,91.9334,93.1652,92.6491,93.2488,92.3619,92.2093,91.7945,92.9,..,..,..,..,..,..,..,..
Bosnia and Herzegovina,BIH,World,WLD,"Currency composition of PPG debt, U.S. dollars (%)",DT.CUR.USDL.ZS,..,..,..,..,..,..,..,..,..,..,..,..,..,..,..,..,..,..,..,..,..,..,..,..,..,..,..,..,..,27.3652,27.5558,33.0424,35.7718,35.8119,39.6638,41.2634,40.792,39.9968,39.1266,33.2384,34.9351,34.6595,32.5244,28.7749,28.4864,31.4131,31.6339,30.7524,31.6536,31.7356,31.5665,30.9343,30.2596,..,..,..,..,..,..,..,..
Botswana,BWA,World,WLD,"Currency composition of PPG debt, U.S. dollars (%)",DT.CUR.USDL.ZS,0,0,2.7515,7.365,8.436,12.2314,15.6444,15.0535,23.5332,28.1638,25.7192,23.0314,33.4025,30.6055,25.2853,17.7485,16.5187,12.4333,12.2896,12.0221,11.8753,10.8932,10.8958,11.8218,12.8637,13.3622,14.064,15.2432,14.4713,16.2906,18.0182,19.8023,23.8322,21.6596,19.8618,20.4823,20.777,18.0528,24.221,7.6219,7.9019,7.7816,9.5915,10.5376,14.9215,14.6364,15.9388,15.3448,16.7453,17.6247,19.3618,35.2443,36.6783,..,..,..,..,..,..,..,..
Brazil,BRA,World,WLD,"Currency composition of PPG debt, U.S. dollars (%)",DT.CUR.USDL.ZS,67.0542,67.7814,64.9196,65.6088,70.155,73.9227,74.0702,68.0579,65.9477,67.0472,67.093,71.5691,72.6364,74.0347,75.1469,70.1454,63.9458,58.2025,65.2241,63.7674,60.0716,59.1482,61.5082,63.8494,69.1457,67.9078,67.6499,68.0024,73.8567,72.3885,69.997,69.3167,71.5553,74.9665,73.9915,79.0517,78.6904,80.4774,80.3135,83.9965,85.2379,88.1934,87.5387,90.5636,92.28,93.586,94.1059,95.6633,96.4142,96.0385,95.8313,96.5733,96.6724,..,..,..,..,..,..,..,..
Bulgaria,BGR,World,WLD,"Currency composition of PPG debt, U.S. dollars (%)",DT.CUR.USDL.ZS,..,..,..,..,..,..,..,..,..,..,..,22.6812,46.477,49.3572,52.8292,52.2495,48.2215,43.5975,45.5543,44.6495,42.1062,43.5829,45.5488,45.5227,71.28,66.123,69.0622,74.4004,78.1418,78.8101,80.102,79.0311,64.2775,64.7652,55.7949,44.9455,41.7833,43.2054,44.2128,45.5758,44.8135,44.8444,35.5637,21.1468,13.7817,7.5742,7.3922,8.9733,6.483,6.0389,4.3785,3.6692,2.9668,..,..,..,..,..,..,..,..
Burkina Faso,BFA,World,WLD,"Currency composition of PPG debt, U.S. dollars (%)",DT.CUR.USDL.ZS,0,0,0,0.9624,4.4811,12.2565,14.8582,21.544,25.8855,27.7894,28.7701,32.9022,37.6729,37.754,41.3393,37.7929,35.5408,31.4157,31.1398,39.5734,39.2244,38.5707,40.0296,42.8112,52.4802,55.6282,60.6198,61.7856,61.7247,62.6279,58.9923,60.1521,59.2881,59.4806,60.8077,56.5454,40.492,41.5356,45.713,45.1339,43.4474,43.24,42.9487,42.6643,44.8567,49.0341,50.3493,50.317,52.0761,54.0322,55.3582,55.7796,57.1788,..,..,..,..,..,..,..,..
Burundi,BDI,World,WLD,"Currency composition of PPG debt, U.S. dollars (%)",DT.CUR.USDL.ZS,15.684,21.0704,33.2686,35.1508,35.1364,31.1285,31.3217,27.7891,28.9445,31.3944,34.3633,36.2034,36.8353,36.2268,39.0247,36.9097,39.2529,39.2843,42.0771,43.1278,50.3361,51.8361,52.6163,53.048,53.6952,55.0502,55.4233,56.5514,56.9877,57.9366,59.3718,60.6831,60.2828,60.3813,63.4995,64.6425,64.2791,63.5274,63.3854,35.8104,37.7889,43.8346,47.3894,49.1804,48.8808,51.5637,53.1102,53.019,54.1863,48.5079,48.6743,49.0296,50.539,..,..,..,..,..,..,..,..
Cabo Verde,CPV,World,WLD,"Currency composition of PPG debt, U.S. dollars (%)",DT.CUR.USDL.ZS,..,..,..,..,..,..,..,..,..,..,..,42.4205,39.5967,41.5644,46.0343,42.7698,40.5986,37.3881,39.6095,40.4288,43.7151,43.9278,39.7922,40.0115,37.0313,39.0499,43.4043,47.062,54.4255,56.5083,57.9647,55.9802,56.9545,57.5896,58.8659,58.9616,58.5105,57.7896,56.5947,49.5097,42.4482,35.3961,30.9715,27.5081,28.3607,28.4512,27.4667,24.773,24.4018,26.6077,27.4941,30.2084,32.1913,..,..,..,..,..,..,..,..
Cambodia,KHM,World,WLD,"Currency composition of PPG debt, U.S. dollars (%)",DT.CUR.USDL.ZS,..,..,..,..,..,..,..,..,..,..,..,100,100,100,100,100,100,100,100,81.9293,80.4184,10.2413,10.2184,10.5087,13.6918,16.9903,19.9102,20.9314,23.1392,24.9558,27.1359,29.0203,33.7465,39.6309,42.0393,42.6332,43.572,85.5197,84.0423,83.1085,80.4493,75.0644,71.9659,71.2957,70.3746,69.7505,70.5354,66.3633,65.0479,63.211,61.6942,59.9936,60.9729,..,..,..,..,..,..,..,..
Cameroon,CMR,World,WLD,"Currency composition of PPG debt, U.S. dollars (%)",DT.CUR.USDL.ZS,22.5362,22.2416,36.9038,35.201,34.7474,31.3872,36.3554,26.2842,23.296,20.1351,19.3417,21.2816,19.3934,20.2778,23.3617,19.4486,14.4739,11.5605,14.9678,14.2044,11.2068,10.3255,10.506,9.8726,10.7848,10.0554,11.0478,14.8716,19.9729,23.0564,23.841,25.4455,24.1521,22.7837,16.0238,19.5465,9.865,12.4623,14.2581,15.3902,23.943,27.1622,31.6467,37.9482,43.1125,54.772,56.8472,57.5882,54.3211,56.3289,55.0713,52.6568,53.3165,..,..,..,..,..,..,..,..
Central African Republic,CAF,World,WLD,"Currency composition of PPG debt, U.S. dollars (%)",DT.CUR.USDL.ZS,1.75,1.6872,19.0935,27.9557,34.0116,30.7602,30.2803,29.1599,31.9254,36.5889,35.7771,36.1326,33.19,32.3117,34.5879,28.049,27.7835,26.9897,29.968,30.583,43.5955,47.0618,49.0381,50.6461,55.3406,56.1573,57.5307,58.7204,59.547,60.2056,61.2154,61.9223,51.0193,58.6721,58.312,58.9468,56.871,60.5764,62.1135,52.0817,49.9029,50.8131,50.9617,47.6176,47.9032,50.444,51.1336,57.3788,62.575,64.4964,67.2778,64.2756,63.0897,..,..,..,..,..,..,..,..
Chad,TCD,World,WLD,"Currency composition of PPG debt, U.S. dollars (%)",DT.CUR.USDL.ZS,4.1259,8.8255,13.8757,14.2457,12.6393,16.1044,18.8833,18.6063,17.43,17.807,18.9177,20.9979,24.6242,24.5505,29.6758,29.6929,28.1103,26.0746,32.7872,47.5518,49.6099,49.9143,50.7772,50.5202,52.9192,54.9312,55.8872,57.3167,56.0469,57.5587,58.6753,60.1478,61.8048,64.532,64.7756,64.7549,63.6826,62.9282,58.915,58.5626,63.2431,56.9952,56.9287,65.3637,76.4163,79.895,78.0543,73.0332,71.9046,70.9331,66.1279,63.1236,61.4009,..,..,..,..,..,..,..,..
China,CHN,World,WLD,"Currency composition of PPG debt, U.S. dollars (%)",DT.CUR.USDL.ZS,..,..,..,..,..,..,..,..,..,..,..,11.675,12.1256,13.6152,14.2511,23.8002,26.6055,27.6318,31.3828,30.443,29.0991,36.3918,48.4003,54.3886,53.7355,58.1633,65.064,74.684,72.4961,66.2143,71.3627,73.8015,72.0752,69.94,68.9033,72.1694,72.7345,76.6243,76.6482,78.2274,77.9336,81.2868,86.3133,89.507,92.6972,91.9306,90.8604,87.1499,85.9217,83.6847,84.8256,82.2824,83.9724,..,..,..,..,..,..,..,..
Colombia,COL,World,WLD,"Currency composition of PPG debt, U.S. dollars (%)",DT.CUR.USDL.ZS,61.3807,59.2889,58.6124,59.6731,58.0783,57.4418,56.5038,56.2767,52.8666,56.3639,57.6853,60.6045,60.1094,60.0594,60.9974,52.1873,47.775,41.4993,43.5276,44.8107,43.5288,43.6973,44.5075,46.6561,51.8674,49.4309,54.7784,69.0559,67.965,73.8865,73.5706,72.1669,72.0589,78.5987,80.7978,84.4547,87.5494,89.3185,93.2947,94.0226,94.6756,96.3991,96.6355,97.5501,96.9836,97.374,95.3901,94.7347,93.8628,94.9251,94.6791,94.8695,94.4912,..,..,..,..,..,..,..,..
Comoros,COM,World,WLD,"Currency composition of PPG debt, U.S. dollars (%)",DT.CUR.USDL.ZS,0,0,0,0,0,0,56.7988,45.9749,39.2923,36.3096,38.4288,34.0392,30.5711,29.0521,27.8954,27.8681,27.9708,27.493,27.6926,32.8408,32.4453,34.7186,33.4848,37.2254,39.3055,42.2156,41.627,42.8714,43.4833,43.6874,44.2855,44.9179,47.877,50.5771,51.0005,50.1621,50.8477,51.5498,52.4209,52.6674,53.0182,52.7812,48.5169,31.4716,32.4969,35.5948,40.898,38.8873,27.6629,26.2193,25.2126,24.9139,27.1988,..,..,..,..,..,..,..,..
"Congo, Dem. Rep.",COD,World,WLD,"Currency composition of PPG debt, U.S. dollars (%)",DT.CUR.USDL.ZS,41.051,68.0384,62.4744,61.1388,56.013,49.251,49.2185,46.4501,42.0277,30.3311,42.1487,43.341,45.9911,46.1203,52.3901,47.8029,43.896,41.005,44.4488,44.2335,41.4104,40.8261,42.394,43.8206,41.9498,40.7454,41.9277,44.3906,42.8268,43.0752,44.567,45.7392,43.1321,41.5337,42.9208,45.7291,44.9309,41.5416,46.2519,46.2379,44.1636,54.4342,57.1543,54.1712,62.1051,63.9617,67.0701,70.6707,74.1034,76.6611,78.1061,80.9239,83.2891,..,..,..,..,..,..,..,..
"Congo, Rep.",COG,World,WLD,"Currency composition of PPG debt, U.S. dollars (%)",DT.CUR.USDL.ZS,2.3206,4.7101,6.3396,7.2459,8.7516,8.9133,9.4775,9.5314,19.3413,22.681,25.0465,28.8317,27.4621,24.8615,31.769,24.3623,21.9703,19.504,19.4037,18.4998,17.0284,16.7958,19.0607,27.2366,25.4214,23.9776,24.697,26.6755,26.6153,28.6639,29.8141,31.3869,28.7934,26.5753,48.4325,52.3219,51.0425,38.5184,46.9858,48.7497,85.7213,87.4907,89.0701,89.9153,89.407,90.7479,87.1218,85.4673,86.2713,83.9235,81.7654,81.5743,81.5347,..,..,..,..,..,..,..,..
Costa Rica,CRI,World,WLD,"Currency composition of PPG debt, U.S. dollars (%)",DT.CUR.USDL.ZS,53.8027,57.3018,58.2825,58.9881,59.884,60.238,58.3084,59.4016,60.917,64.7068,64.6184,69.1509,69.4385,75.5236,76.6327,72.3325,69.0338,65.2597,65.5388,64.9942,56.5294,55.6005,53.8283,52.4647,50.3987,47.883,49.2197,50.3071,59.4166,63.4109,69.5385,73.0192,71.6425,74.222,73.2329,78.0499,81.1261,83.7459,87.1846,88.449,88.258,89.7223,94.296,97.1844,98.0364,98.0003,97.3401,96.942,96.9499,97.1446,96.803,97.0296,97.7681,..,..,..,..,..,..,..,..
Cote d'Ivoire,CIV,World,WLD,"Currency composition of PPG debt, U.S. dollars (%)",DT.CUR.USDL.ZS,25.4089,24.4432,25.7,37.1575,35.3182,39.1844,43.1873,44.5078,38.2321,33.2906,31.4853,34.9045,34.8866,35.8005,36.8572,30.8931,22.8635,17.1972,18.6568,17.697,15.4686,15.5729,16.5867,16.9646,20.9939,22.0151,25.1453,40.9278,49.3571,51.9877,53.6982,54.7011,56.8456,56.9052,35.5545,37.6674,35.9065,34.0842,32.9421,29.8263,30.4515,34.7243,29.2701,46.2443,58.2071,61.1781,69.0082,66.8324,55.1506,42.2214,34.5217,32.5581,31.4021,..,..,..,..,..,..,..,..
Djibouti,DJI,World,WLD,"Currency composition of PPG debt, U.S. dollars (%)",DT.CUR.USDL.ZS,0,0,0,0,0,0,0,0,0,0,2.9047,6.3006,26.904,21.317,11.3955,13.7032,14.2746,16.3919,18.4442,22.7007,21.7276,17.8471,17.3434,17.9937,17.4587,17.7469,16.7982,18.6051,19.0703,20.0061,21.1346,23.8488,30.6648,35.1669,36.495,37.1887,35.1775,27.5521,27.0707,25.8551,30.6664,29.1442,29.5502,30.5697,41.0355,57.1663,66.0617,69.5001,68.8051,68.0983,69.6656,69.5134,70.195,..,..,..,..,..,..,..,..
Dominica,DMA,World,WLD,"Currency composition of PPG debt, U.S. dollars (%)",DT.CUR.USDL.ZS,..,..,..,..,..,..,..,..,..,..,..,26.074,48.5851,41.7263,47.7562,48.8894,48.7142,46.1728,46.5903,48.5855,49.9373,52.5217,52.794,52.1947,48.4099,59.793,61.7648,66.3083,70.3418,63.4743,72.3287,77.1725,78.8962,77.605,78.2421,78.9804,80.4112,80.724,81.1913,79.2251,75.6942,73.7149,57.4626,58.2174,58.131,59.1417,60.6716,61.1053,63.8232,61.3363,67.5575,71.7636,77.1017,..,..,..,..,..,..,..,..
Dominican Republic,DOM,World,WLD,"Currency composition of PPG debt, U.S. dollars (%)",DT.CUR.USDL.ZS,81.9792,76.0723,77.4543,79.0497,79.7993,81.1448,82.8116,83.303,84.1019,83.9062,76.7936,73.1667,70.7546,75.0018,77.1075,73.9371,73.3944,70.4557,69.3584,70.0289,67.9704,70.5214,71.4655,72.4068,64.062,63.4916,64.6742,66.9482,70.6463,71.6041,73.2585,78.3853,80.2689,85.5617,86.6077,88.2758,89.3254,87.1031,86.0199,85.862,89.0335,91.4535,91.1212,92.8634,94.7803,95.472,96.2411,96.0646,93.3222,90.2352,91.9235,92.6695,93.4326,..,..,..,..,..,..,..,..
Ecuador,ECU,World,WLD,"Currency composition of PPG debt, U.S. dollars (%)",DT.CUR.USDL.ZS,59.1647,57.9019,64.057,61.4988,56.6957,60.6297,61.1926,70.6379,51.3571,60.0705,62.3676,65.6701,68.4587,61.7927,59.159,56.3106,54.9386,52.8656,54.9497,55.7712,54.2079,53.3041,53.6302,53.6088,64.4209,76.9074,79.5466,82.5824,87.2913,87.8214,87.046,88.3554,88.0773,87.9664,86.9806,89.5943,89.9022,90.6224,91.5341,85.374,89.0927,91.549,89.3198,91.1564,93.9122,95.2642,96.0391,96.8156,94.6032,95.251,97.4475,97.337,97.8159,..,..,..,..,..,..,..,..
"Egypt, Arab Rep.",EGY,World,WLD,"Currency composition of PPG debt, U.S. dollars (%)",DT.CUR.USDL.ZS,23.0073,26.3847,32.5691,38.1997,44.0009,73.6632,69.6451,73.5066,71.1083,69.312,73.0272,76.0914,76.3976,76.7016,77.6816,73.1153,69.3579,61.2194,63.9843,61.4337,42.5519,38.6134,38.7857,38.8778,36.1065,35.2213,36.8885,39.9565,37.8677,38.8007,40.4994,44.4706,39.3214,34.747,32.1301,38.3808,36.0848,36.4004,35.3679,34.9922,38.5378,37.5639,40.8431,57.6785,58.6271,68.0114,67.6255,67.2336,67.0169,68.2449,68.173,69.836,71.2005,..,..,..,..,..,..,..,..
El Salvador,SLV,World,WLD,"Currency composition of PPG debt, U.S. dollars (%)",DT.CUR.USDL.ZS,51.6416,52.405,57.5578,51.3929,57.7114,41.1779,39.1707,33.8525,32.4371,30.9376,32.2137,38.4955,47.5782,52.7841,57.7999,56.0098,55.0692,53.1057,53.4556,54.3686,54.0748,54.5225,56.8055,47.5123,46.0039,45.4246,50.5317,61.6357,62.3455,64.9248,67.3716,73.307,80.4929,81.6481,82.3826,82.3208,83.2783,82.9816,83.1873,84.9776,87.0829,88.5386,90.5637,91.5476,93.4158,94.0608,94.5985,95.0316,95.3965,95.9417,95.9636,96.6189,97.0668,..,..,..,..,..,..,..,..
Eritrea,ERI,World,WLD,"Currency composition of PPG debt, U.S. dollars (%)",DT.CUR.USDL.ZS,..,..,..,..,..,..,..,..,..,..,..,..,..,..,..,..,..,..,..,..,..,..,..,..,63.8783,66.2642,59.946,48.9082,45.7176,52.1852,56.9997,65.4252,66.4086,69.5427,66.7413,68.4908,68.1142,67.9236,66.5597,67.8275,67.2147,67.0618,66.4387,65.9793,67.3577,68.1659,68.5539,69.0989,70.1218,70.6771,71.2325,73.7286,74.6216,..,..,..,..,..,..,..,..
Eswatini,SWZ,World,WLD,"Currency composition of PPG debt, U.S. dollars (%)",DT.CUR.USDL.ZS,7.5607,8.3871,11.9522,14.3858,16.3182,18.387,26.361,24.4436,10.5688,8.7684,9.925,10.7934,10.3174,10.2963,12.0247,15.367,13.2696,10.8542,11.2797,11.5043,11.2977,10.9368,11.0009,10.4145,8.9736,8.27,7.9803,6.8915,9.1937,10.3109,10.3714,11.9105,11.3005,10.933,15.187,14.7489,13.941,12.4269,12.2413,9.8085,8.2163,8.4774,9.1509,14.2788,24.0852,35.6513,45.6254,48.1042,53.9699,53.4309,53.054,53.4136,54.5634,..,..,..,..,..,..,..,..
Ethiopia,ETH,World,WLD,"Currency composition of PPG debt, U.S. dollars (%)",DT.CUR.USDL.ZS,41.8777,42.4184,43.6397,46.8887,49.7707,54.2065,59.3934,61.3637,62.5505,63.9564,64.5334,40.7113,22.6727,22.1469,24.0608,23.6442,21.8206,21.1669,23.014,25.058,24.1881,26.0823,27.6003,28.5288,29.1299,28.9855,26.739,27.5197,28.0385,74.7134,75.8173,77.7308,76.8936,76.6762,74.8492,72.8032,64.5308,59.1393,56.7409,70.5814,72.2512,74.27,77.0466,77.419,82.6175,84.0539,84.3101,81.5237,84.0954,84.3097,83.9098,82.6827,82.0242,..,..,..,..,..,..,..,..
Fiji,FJI,World,WLD,"Currency composition of PPG debt, U.S. dollars (%)",DT.CUR.USDL.ZS,14.5729,9.4529,10.6169,10.17,8.3192,5.9022,3.9142,13.063,6.4924,14.1854,26.0804,24.5709,21.2766,21.2243,23.8437,21.3457,17.6497,11.9197,12.3476,9.4834,5.2371,3.4813,0.6183,0.9309,0.8691,0.7636,0.6792,0.5493,5.2738,41.5206,48.5237,55.2191,54.604,54.8456,56.6066,64.2294,81.5837,84.2293,83.8836,84.902,82.7279,82.908,77.9143,74.3654,68.7738,64.7771,64.2386,65.5217,68.9932,71.0089,74.1404,70.9956,77.0972,..,..,..,..,..,..,..,..
Gabon,GAB,World,WLD,"Currency composition of PPG debt, U.S. dollars (%)",DT.CUR.USDL.ZS,7.6159,14.1306,27.6689,36.1941,41.5273,40.5699,41.8633,43.2919,39.6941,40.555,42.74,44.8248,40.4533,38.3659,28.7243,17.7123,12.8888,10.5651,12.7482,12.7291,10.3458,11.0373,12.0035,12.5437,12.6534,11.5733,11.3478,11.2513,12.0325,12.6447,29.0783,32.5911,30.1778,8.156,25.314,36.1118,33.8683,49.4302,48.7952,47.912,48.2108,46.6032,45.9006,53.1678,54.2394,62.5722,64.2645,57.9555,58.8175,62.0816,63.5923,66.1199,66.2547,..,..,..,..,..,..,..,..
"Gambia, The",GMB,World,WLD,"Currency composition of PPG debt, U.S. dollars (%)",DT.CUR.USDL.ZS,0,0,0,0,2.8631,5.218,11.4275,9.6603,17.5153,16.8951,32.3424,25.5621,25.4063,28.1799,30.0261,28.6843,34.7759,33.3133,35.4355,38.8129,39.1157,38.2626,38.7421,39.2904,39.7986,43.5229,49.3955,50.2591,50.4054,52.0155,51.2466,52.4029,54.9358,53.7615,54.1813,55.3471,54.4039,48.0843,50.1926,45.2253,45.1237,45.5751,42.8118,41.5114,45.5077,45.9882,45.8829,48.0517,50.094,48.9821,49.0866,49.4141,47.8749,..,..,..,..,..,..,..,..
Georgia,GEO,World,WLD,"Currency composition of PPG debt, U.S. dollars (%)",DT.CUR.USDL.ZS,..,..,..,..,..,..,..,..,..,..,..,..,..,..,..,..,..,..,..,..,..,..,1.1675,70.473,74.5345,75.3327,77.0373,79.2155,78.9155,82.2097,82.2586,83.181,80.4822,76.9523,73.4537,73.3075,77.1698,74.4355,82.9159,81.8851,77.266,76.7002,77.5148,74.6783,74.3641,74.1813,74.0315,70.4501,67.9857,65.5032,56.1208,60.3242,63.3919,..,..,..,..,..,..,..,..
Ghana,GHA,World,WLD,"Currency composition of PPG debt, U.S. dollars (%)",DT.CUR.USDL.ZS,22.49,26.8754,27.5394,34.5691,35.023,38.9101,41.8789,41.3776,40.0996,37.4522,38.7471,39.4849,39.4965,42.4931,46.7216,44.7899,48.8513,51.2078,59.2307,57.9113,58.6532,56.1029,55.6308,56.6783,54.8815,55.3339,55.9524,58.3006,59.0217,60.5322,64.0307,67.1885,67.9272,68.4181,80.8754,77.3478,51.3308,48.5568,48.0274,47.1537,51.2054,54.0615,56.8723,63.852,69.9421,74.431,76.1506,74.8911,76.2012,78.9767,79.1528,79.2636,78.1642,..,..,..,..,..,..,..,..
Grenada,GRD,World,WLD,"Currency composition of PPG debt, U.S. dollars (%)",DT.CUR.USDL.ZS,0,0,0,0,1.0674,12.1532,22.3885,26.5556,31.5873,36.957,41.2998,62.4415,66.4669,57.0418,61.1732,54.2063,54.9545,54.0476,52.0199,54.759,56.7229,49.5487,57.1959,55.8356,57.8051,59.3769,56.6694,69.3499,71.4464,71.9239,78.3772,80.8383,87.2614,88.953,91.0727,90.1004,91.5045,91.8527,91.4424,90.9131,91.5242,91.8933,91.9777,93.3498,93.4112,93.9497,90.9077,90.0436,90.9878,91.6016,92.6508,89.3232,89.9845,..,..,..,..,..,..,..,..
Guatemala,GTM,World,WLD,"Currency composition of PPG debt, U.S. dollars (%)",DT.CUR.USDL.ZS,57.8621,52.1148,44.758,38.6873,31.947,35.4007,32.8653,26.8961,22.0305,17.2039,16.6754,24.7707,35.3197,41.4328,57.0025,55.228,55.81,53.4677,49.9411,50.4177,50.1775,50.811,52.5984,52.4629,52.7691,53.5779,52.937,57.6995,66.8738,69.9359,73.2586,77.7753,79.2348,80.6735,83.2054,84.9597,86.205,87.329,87.8955,89.4972,90.6436,90.6487,92.8016,94.504,95.368,96.1738,96.7335,96.9228,97.1821,97.4736,97.558,97.9471,98.2674,..,..,..,..,..,..,..,..
Guinea,GIN,World,WLD,"Currency composition of PPG debt, U.S. dollars (%)",DT.CUR.USDL.ZS,15.5267,13.3751,13.2826,13.7129,18.2031,20.5636,20.5099,21.6479,23.4131,26.602,28.0348,26.8192,30.4077,33.9316,38.0392,37.7876,35.7132,34.3818,34.7073,36.4582,35.1757,38.2252,40.9718,43.7702,44.4262,49.1662,49.703,51.7596,52.1794,59.2551,60.2908,62.5689,62.85,62.6582,62.7291,62.395,61.6392,61.387,63.9049,62.785,62.629,61.1377,52.1111,59.5714,61.3321,59.4755,58.1423,57.1142,59.568,68.6023,64.4127,62.5766,60.7091,..,..,..,..,..,..,..,..
Guinea-Bissau,GNB,World,WLD,"Currency composition of PPG debt, U.S. dollars (%)",DT.CUR.USDL.ZS,0,0,0,0,0,22.142,29.566,44.7004,38.5499,37.7927,26.7522,33.6454,35.6788,40.6418,50.6468,49.4875,44.0058,41.5366,38.6054,41.089,40.4074,42.4288,44.437,46.6092,47.4698,48.7765,39.5756,40.8843,40.4384,41.6651,42.4055,41.963,40.9921,40.7456,53.335,53.8935,59.2657,56.7502,57.3549,58.1515,61.7016,57.3022,58.1591,55.5142,54.1941,49.2936,48.4522,46.3162,53.136,55.1646,56.1673,64.5079,65.1626,..,..,..,..,..,..,..,..
Guyana,GUY,World,WLD,"Currency composition of PPG debt, U.S. dollars (%)",DT.CUR.USDL.ZS,24.6274,52.7256,53.5992,57.561,61.7383,63.7171,62.0523,61.4538,59.0446,57.6697,58.6224,62.279,60.9033,58.6467,59.6564,56.1118,56.1578,52.572,54.6703,59.4755,67.692,66.1133,65.0615,65.7624,64.5929,64.6631,61.1483,63.1857,59.6458,66.9599,68.9998,66.3662,66.5777,68.9571,73.2073,73.9903,70.3242,85.9133,88.3454,89.7228,89.9181,89.6088,88.6015,86.1536,84.8644,84.842,83.4958,80.4129,79.7738,79.9638,79.1422,80.8076,69.1865,..,..,..,..,..,..,..,..
Haiti,HTI,World,WLD,"Currency composition of PPG debt, U.S. dollars (%)",DT.CUR.USDL.ZS,81.0224,79.2063,78.2292,76.662,80.8612,80.3528,81.7017,83.2331,80.2272,78.46,73.7713,74.5236,74.9512,73.656,73.1141,73.3236,73.2125,73.4061,72.1927,70.7987,69.0066,70.1628,70.232,71.1543,70.3406,75.843,76.8361,76.9795,78.668,80.2556,81.101,81.2146,81.8809,81.4673,81.9352,80.3644,81.3157,80.9359,83.9967,87.2979,88.2293,89.7052,93.4701,95.4504,96.631,97.1133,97.1359,97.2693,97.5248,97.6913,97.7543,97.9454,98.2848,..,..,..,..,..,..,..,..
Honduras,HND,World,WLD,"Currency composition of PPG debt, U.S. dollars (%)",DT.CUR.USDL.ZS,43.7577,43.7209,48.8618,48.9272,52.5945,55.5108,57.7773,58.0021,54.1898,54.2287,57.0318,57.963,55.5933,53.9928,52.44,47.7937,44.5041,41.7908,42.2467,44.5176,43.9099,38.32,47.0424,48.9701,47.7586,48.2484,50.5771,59.1709,56.4648,62.6511,65.9892,64.7213,65.0452,66.1691,66.3833,72.3844,65.3128,68.1947,69.647,69.7162,74.1301,77.0493,78.9312,83.6493,85.6489,87.7497,88.6544,89.8942,90.9879,91.7711,92.5205,93.4623,93.5709,..,..,..,..,..,..,..,..
IDA only,IDX,World,WLD,"Currency composition of PPG debt, U.S. dollars (%)",DT.CUR.USDL.ZS,28.1154096896358,25.9216955249288,26.9234782743809,28.4312726925706,30.0338331151453,33.8147856771092,37.6403091694782,37.2042841610493,36.1851983234186,36.7037125458462,39.3530293341335,43.6599217617239,45.3434346261802,47.9210134135111,51.0436132709457,47.4535081501696,45.8205106810087,43.5259179331816,45.1879246036008,46.8534989644944,45.0461290451818,44.9491852835088,45.9543820481194,46.6784447907906,46.3489275217752,45.8180330778853,46.1555795679983,50.6909853375129,50.983742991055,53.9873615399819,56.7744908467402,57.947935466464,57.3341647078442,57.7430062597602,57.0938451395798,56.0375431880163,50.4805803821354,50.8508868015678,50.8944330240893,51.2951258119403,52.1200314238967,53.0501400611228,56.2398690182285,59.6118323058491,63.1743576047823,65.1216402368434,66.287983638052,65.8942975999006,66.1914086817395,66.0795042694732,64.7810718443387,64.509055979516,65.3308639336632,..,..,..,..,..,..,..,..
IDA total,IDA,World,WLD,"Currency composition of PPG debt, U.S. dollars (%)",DT.CUR.USDL.ZS,31.4343219578837,29.8355497187053,30.8693012951825,30.6752842758962,33.0300835371247,36.4627353379964,40.3130373895592,39.0637872555367,38.9623956077538,38.9121437154866,40.777489800302,44.1339698938802,45.4828926317315,48.430854871366,50.8751841079109,46.5892044160064,43.7003538550917,40.8643654445109,42.6670943649212,44.0948562539249,41.5738092912688,40.7957562199714,41.3623385263567,42.352455762945,41.2377653087907,40.5015687691303,41.4259669268501,45.7239617010187,45.9702980096772,48.3746169283592,56.5589473966741,57.6628496682,56.657201649797,49.4283587248445,48.7793796270266,50.3995262276234,49.1253733817708,49.4098225543731,49.6936253399461,50.464424996099,51.3053542057802,52.4360463778305,55.5603817153346,58.8163254304138,63.1915968316689,65.4451728768218,66.553410151779,67.4184160339572,68.8002378250335,69.0587539978143,68.1265834870109,68.7832004590236,69.7857938445205,..,..,..,..,..,..,..,..
India,IND,World,WLD,"Currency composition of PPG debt, U.S. dollars (%)",DT.CUR.USDL.ZS,40.1993,39.9292,37.3222,34.146,32.3661,36.1506,35.7696,34.7529,33.2169,37.0429,39.0548,43.3883,47.4846,51.2936,55.0883,55.0805,54.31,52.539,55.6346,63.0946,61.1862,57.7574,57.8939,57.918,53.0124,52.7225,55.9799,60.1286,60.0256,60.929,66.2939,68.6886,72.0574,64.029,66.918,65.5584,66.1199,67.3372,64.7451,68.37,70.4753,71.402,76.2652,78.7866,82.894,83.9196,82.4122,83.7495,82.5208,82.5602,80.7449,82.06,81.6784,..,..,..,..,..,..,..,..
Indonesia,IDN,World,WLD,"Currency composition of PPG debt, U.S. dollars (%)",DT.CUR.USDL.ZS,36.0911,39.8829,45.4952,47.5435,51.14,58.6484,55.8956,49.8,42.8569,43.8705,43.5098,44.4435,43.6221,42.6962,41.9281,31.1566,26.5688,19.6538,18.4864,24.6441,20.8663,19.466,19.9702,19.873,20.0101,21.5339,24.3088,27.3892,47.5419,47.0042,50.5484,57.525,54.7529,53.9672,45.2348,47.8976,48.7939,50.5748,50.8432,57.8191,57.7638,60.2136,69.999,75.2602,80.7246,83.2185,83.5722,84.816,86.1711,88.4726,87.8377,89.2164,89.7633,..,..,..,..,..,..,..,..
"Iran, Islamic Rep.",IRN,World,WLD,"Currency composition of PPG debt, U.S. dollars (%)",DT.CUR.USDL.ZS,..,0,0,0,0,0,0,0,0,0,42.2883,47.672,53.2099,58.3712,66.8877,69.2548,68.3066,70.6738,77.0485,85.1132,88.3032,72.0697,2.445,50.2951,72.5881,70.9758,70.2616,66.7187,74.5326,74.2621,66.9197,61.1683,49.2295,34.1833,32.1048,35.4375,33.6679,32.5232,32.0685,32.3158,35.37,38.752,39.1829,35.6454,37.7235,36.2792,64.6882,52.4987,50.1777,41.6861,34.8,26.834,35.9931,..,..,..,..,..,..,..,..
Iraq,IRQ,World,WLD,"Currency composition of PPG debt, U.S. dollars (%)",DT.CUR.USDL.ZS,..,..,..,..,..,..,..,..,..,..,..,..,..,..,..,..,..,..,..,..,..,..,..,..,..,..,..,..,..,..,..,..,..,..,..,..,..,..,..,..,..,..,..,..,..,77.9465,78.9813,78.1356,77.1292,76.2054,71.345,71.5982,66.7828,..,..,..,..,..,..,..,..
Jamaica,JAM,World,WLD,"Currency composition of PPG debt, U.S. dollars (%)",DT.CUR.USDL.ZS,27.6558,32.5438,41.2867,55.042,66.4509,74.7178,74.1923,70.7712,63.4884,59.5832,57.649,59.9338,59.561,60.9724,64.897,60.4822,56.4857,51.5981,52.572,52.5438,49.7918,47.1626,52.4061,50.2642,48.4447,47.6963,45.9874,48.6977,52.2794,51.2005,61.7509,65.9674,66.149,67.0225,62.624,70.0029,69.7192,69.7181,72.6336,76.222,79.4943,84.3383,88.2731,89.6103,93.7574,95.6154,96.5405,97.1562,97.8403,98.2974,98.5264,98.7434,98.9628,..,..,..,..,..,..,..,..
Jordan,JOR,World,WLD,"Currency composition of PPG debt, U.S. dollars (%)",DT.CUR.USDL.ZS,30.7592,36.64,35.8685,38.5087,37.8011,41.2512,44.0921,52.6132,56.0929,54.9234,56.8745,59.5832,58.6071,60.5838,58.4863,52.1953,49.7067,43.8496,48.6042,48.6094,45.6978,43.906,41.1282,40.7747,35.4275,28.9015,28.6031,28.3185,28.2852,28.7734,29.2906,30.9184,29.9246,24.5711,23.397,26.9691,26.3313,25.7685,25.4229,31.88,37.8453,38.1434,40.5819,60.3275,67.0685,70.0296,73.5083,73.629,75.3544,75.2322,74.1751,74.523,75.3051,..,..,..,..,..,..,..,..
Kazakhstan,KAZ,World,WLD,"Currency composition of PPG debt, U.S. dollars (%)",DT.CUR.USDL.ZS,..,..,..,..,..,..,..,..,..,..,..,..,..,..,..,..,..,..,..,..,..,..,0,2.0842,5.71,6.8569,23.4351,44.1706,47.1225,53.4745,61.1778,63.6588,59.6917,56.7722,50.3918,53.8978,53.5094,46.7955,42.1321,55.9482,73.1126,77.6883,88.0239,93.9975,95.9549,97.1575,97.4447,97.5471,92.3769,87.5219,86.8533,85.6117,85.6525,..,..,..,..,..,..,..,..
Kenya,KEN,World,WLD,"Currency composition of PPG debt, U.S. dollars (%)",DT.CUR.USDL.ZS,15.7392,17.8693,23.5638,24.7293,24.8671,26.6101,24.7975,27.3939,25.4599,27.9316,35.8864,39.0025,40.2167,38.4838,39.3718,33.6876,28.9316,26.0792,29.2043,34.7492,35.5046,34.6645,36.7203,40.0857,39.0247,40.0711,43.9279,46.3291,48.5521,50.7672,53.961,56.1765,54.3232,55.3969,54.6443,52.7442,51.9791,51.4031,50.2458,49.0751,48.0141,46.071,48.656,49.8924,64.0337,68.3498,69.5564,73.4196,74.2888,76.0835,74.8647,75.35,74.2324,..,..,..,..,..,..,..,..
Kosovo,XKX,World,WLD,"Currency composition of PPG debt, U.S. dollars (%)",DT.CUR.USDL.ZS,0,0,0,0,0,0,0,0,0,0,0,0,0,0,0,0,0,0,0,0,0,0,0,0,0,0,0,0,0,0,0,0,0,0,0,0,0,0,0,100,100,100,99.9373,99.0825,94.9033,86.2101,79.1864,76.292,73.8695,69.257,60.8879,52.6233,53.2639,..,..,..,..,..,..,..,..
Kyrgyz Republic,KGZ,World,WLD,"Currency composition of PPG debt, U.S. dollars (%)",DT.CUR.USDL.ZS,..,..,..,..,..,..,..,..,..,..,..,..,..,..,..,..,..,..,..,..,..,..,33.958,38.9735,44.5948,51.4393,73.87,75.5377,71.7285,67.2315,67.8762,69.766,68.6862,67.6584,68.222,69.5183,67.1069,68.0351,65.2958,69.1888,68.808,68.7174,71.2354,72.6874,76.0364,76.4349,75.3139,74.0008,72.5137,72.5768,71.1048,71.3825,72.9761,..,..,..,..,..,..,..,..
Lao PDR,LAO,World,WLD,"Currency composition of PPG debt, U.S. dollars (%)",DT.CUR.USDL.ZS,9.7895,4.6441,3.3774,1.6685,1.1047,0.8194,1.1844,1.9364,1.6757,2.8234,4.3833,5.6613,6.0785,6.7355,7.3985,6.7127,6.4185,5.4763,5.5665,7.3764,8.2893,8.7796,10.2631,11.7516,13.0471,14.1123,15.7223,16.3472,17.2746,17.4994,18.0293,21.3322,23.7258,39.4221,43.9931,61.913,61.3523,57.7303,55.5274,54.2357,54.011,55.9946,57.7225,61.5226,64.602,69.0546,67.492,63.013,64.8397,65.0787,65.3815,67.0653,68.7066,..,..,..,..,..,..,..,..
Least developed countries: UN classification,LDC,World,WLD,"Currency composition of PPG debt, U.S. dollars (%)",DT.CUR.USDL.ZS,27.7980198811346,24.0249873700525,24.7885345328245,25.058017548013,27.3005958990123,30.1496503806687,34.0912904213286,32.8826431045881,32.4130377877205,33.4693886289209,35.0197979045572,38.8478776907136,39.8372742625877,40.5858920534384,44.5668357196858,41.1458668650097,40.3440223081478,38.4551189585386,40.2191417736406,42.4704964352437,41.6500169594685,41.3499859853756,42.7339398511229,43.72775339067,43.4686862308527,43.6341497655491,45.0349999703667,48.1270656741655,48.2923473375112,51.9770220265075,54.6491138209489,55.3696662198996,55.1959757626385,55.9227655469477,56.4292739891105,58.3889836999151,54.0659162268177,55.3748392786652,56.4933825803141,56.8932490936043,57.3015494443672,57.7900048901167,59.3376024831362,61.852414238576,65.6737934366019,67.0502238578728,68.3174961109306,67.4739149256584,68.3312491656888,68.2294167073886,66.9625852659727,66.8542607056592,67.9526196301505,..,..,..,..,..,..,..,..
Lebanon,LBN,World,WLD,"Currency composition of PPG debt, U.S. dollars (%)",DT.CUR.USDL.ZS,44.745,47.0425,48.4378,48.5873,48.7497,47.0226,47.2517,54.0464,50.8664,28.3347,53.6976,57.3074,59.0342,66.0868,69.104,64.49,58.2109,51.8334,50.5135,46.2654,40.0322,40.5069,17.0727,13.4827,56.8556,68.7628,64.5093,60.7457,70.0889,64.5529,67.883,75.8554,83.3831,78.5182,81.4054,85.3743,84.8877,85.305,85.759,86.2531,87.1087,87.9318,90.2738,90.7057,90.74,92.4565,93.3424,93.3579,96.0692,96.3701,96.39,96.681,96.9432,..,..,..,..,..,..,..,..
Lesotho,LSO,World,WLD,"Currency composition of PPG debt, U.S. dollars (%)",DT.CUR.USDL.ZS,50.4789,47.5174,52.1375,59.8754,54.635,60.0828,58.2273,57.6529,52.6705,37.5247,46.3658,53.9927,39.0333,44.5225,43.1504,40.0697,38.4915,32.9864,33.535,35.2216,32.6212,31.4425,31.1172,30.3807,28.5083,27.1059,27.188,28.9556,29.5787,29.9806,30.9483,35.5905,37.9319,39.6654,39.1276,43.5324,46.0771,47.4286,47.5997,46.8683,48.0035,46.0238,44.0112,43.1176,43.4675,42.2295,42.4592,44.2131,47.0785,48.0488,47.8331,48.0156,48.9576,..,..,..,..,..,..,..,..
Liberia,LBR,World,WLD,"Currency composition of PPG debt, U.S. dollars (%)",DT.CUR.USDL.ZS,82.1037,81.2249,79.6004,74.3097,72.7081,74.7842,72.9648,70.0612,70.4049,65.4732,62.5748,62.1988,63.3567,63.6782,66.1962,60.5135,56.6859,52.0236,52.7159,53.1118,51.0456,51.5162,52.4898,51.5409,50.1975,48.7755,50.859,52.8938,51.5748,52.9,56.8252,58.1844,55.7636,53.3046,51.3886,53.6931,52.8426,64.8435,82.7492,88.9491,95.1611,96.0921,97.2643,92.9676,87.096,75.0613,75.4517,72.753,65.1657,66.9839,68.714,69.7808,71.4665,..,..,..,..,..,..,..,..
Madagascar,MDG,World,WLD,"Currency composition of PPG debt, U.S. dollars (%)",DT.CUR.USDL.ZS,9.0739,8.8921,9.292,11.0488,8.6113,9.7385,45.2658,14.7293,42.8738,54.3558,53.6293,56.9806,54.8551,52.648,54.2906,48.9079,43.2618,38.8225,39.4066,42.47,42.3491,43.1351,43.6666,44.6714,44.2506,44.8064,47.8806,49.0958,48.9934,55.0006,56.6529,56.6375,57.9917,58.8307,69.9248,72.0219,55.952,59.3337,57.1752,55.9416,56.5969,57.4888,58.8895,57.9721,57.9188,60.6331,61.8547,60.4909,61.1829,59.001,57.1431,58.0277,56.4622,..,..,..,..,..,..,..,..
Malawi,MWI,World,WLD,"Currency composition of PPG debt, U.S. dollars (%)",DT.CUR.USDL.ZS,12.937,19.2566,23.2355,25.6293,27.9176,30.7638,39.8416,44.2629,46.0659,54.4828,46.4678,44.4622,41.9345,41.4736,45.9041,39.9966,38.1179,35.6764,38.7884,42.7354,46.8549,49.3087,51.1126,54.3698,54.5864,53.5531,57.7004,60.1098,61.6174,64.4071,65.911,69.3685,69.5078,69.4388,65.017,65.8176,56.149,57.1317,54.2346,53.0624,42.3343,41.4708,43.0689,45.6294,51.0623,54.8728,56.6965,60.4179,60.366,60.8181,60.9893,60.9937,62.6583,..,..,..,..,..,..,..,..
Maldives,MDV,World,WLD,"Currency composition of PPG debt, U.S. dollars (%)",DT.CUR.USDL.ZS,..,..,..,..,..,..,..,..,12.9089,13.2378,14.1782,24.5488,23.7867,29.3794,39.1237,38.158,32.5638,32.012,31.5821,30.1858,25.4445,28.4851,35.0706,46.1913,49.8064,51.3201,49.4664,49.1797,49.5807,50.4414,53.3203,53.7136,46.1921,49.1815,50.5521,52.0172,48.6691,45.6381,45.4125,52.7767,46.4169,43.283,40.301,45.7265,37.4113,36.1902,50.0026,59.6886,73.7601,75.4475,76.9194,79.1499,80.8109,..,..,..,..,..,..,..,..
Mali,MLI,World,WLD,"Currency composition of PPG debt, U.S. dollars (%)",DT.CUR.USDL.ZS,4.9405,5.1101,5.9739,6.2237,6.5641,6.3371,5.9809,7.0796,6.5476,9.6357,11.5616,14.4326,17.0982,21.4973,19.3583,16.9531,16.1904,14.3619,14.9826,14.7414,14.8447,16.9142,17.5134,19.4624,21.2193,22.5056,23.9015,25.7718,30.7838,32.133,33.9391,36.2984,44.8943,45.1997,45.9955,45.4012,30.3194,35.8716,35.6479,39.9796,43.1991,45.5078,43.2603,43.5071,43.5025,44.5445,45.2573,45.0422,46.5888,49.2059,49.0856,52.5102,53.1323,..,..,..,..,..,..,..,..
Mauritania,MRT,World,WLD,"Currency composition of PPG debt, U.S. dollars (%)",DT.CUR.USDL.ZS,23.7467,41.0232,37.3271,34.9875,48.7026,59.03,62.0876,52.3916,49.3285,48.338,43.2907,39.1908,37.9762,36.529,37.4234,35.2443,34.726,31.7921,32.3401,32.7171,34.3214,34.427,34.1435,34.7875,34.1559,34.0787,35.7661,37.469,35.9962,37.2592,39.8844,40.6286,42.6384,43.7807,46.9686,48.3851,31.0328,36.0029,37.7785,36.1849,40.6578,42.3554,47.3944,46.4564,45.2149,48.8676,49.8198,48.6495,49.3431,49.7528,47.8335,47.2864,49.4542,..,..,..,..,..,..,..,..
Mauritius,MUS,World,WLD,"Currency composition of PPG debt, U.S. dollars (%)",DT.CUR.USDL.ZS,0,0,0,0,0,5.9104,5.3331,3.5689,26.7225,41.3532,46.0446,42.1423,46.3718,40.9282,40.8684,29.1732,22.8934,15.2735,19.4877,17.4821,14.4717,14.0807,14.3809,13.627,22.5453,42.277,44.2457,51.4638,56.4444,54.6422,47.1464,44.5767,23.7396,22.3515,22.1916,25.8452,21.7426,23.0007,27.1036,34.7401,31.8579,36.1189,41.0078,37.3433,36.4723,38.4088,37.7037,36.3719,37.0922,34.7703,30.629,49.4688,58.216,..,..,..,..,..,..,..,..
Mexico,MEX,World,WLD,"Currency composition of PPG debt, U.S. dollars (%)",DT.CUR.USDL.ZS,49.2425,49.9495,54.6449,62.5467,70.2337,75.0301,76.2955,71.357,69.6025,74.745,78.1984,79.6021,81.7588,86.5785,86.5287,82.8296,78.3463,69.5231,64.17,58.7628,64.1169,61.6347,59.1611,60.5889,60.3759,65.6068,67.2808,64.5968,75.741,77.5507,85.1779,90.4835,92.32,93.6892,94.419,96.0008,97.1838,97.744,98.0512,88.4411,88.7753,90.1292,91.3415,91.2817,91.0691,89.6578,87.5257,85.6037,84.5042,84.8827,85.1069,85.5531,87.7111,..,..,..,..,..,..,..,..
Moldova,MDA,World,WLD,"Currency composition of PPG debt, U.S. dollars (%)",DT.CUR.USDL.ZS,..,..,..,..,..,..,..,..,..,..,..,..,..,..,..,..,..,..,..,..,..,..,40.562,23.2355,22.7521,22.7616,47.2348,65.3885,60.0084,56.2767,66.6558,68.2673,68.3427,68.4564,66.034,68.8526,69.4969,69.3537,67.4781,67.135,70.3349,69.9776,68.2557,67.104,63.3354,60.8651,58.521,52.7163,52.8481,51.8123,46.7841,45.9052,41.9266,..,..,..,..,..,..,..,..
Mongolia,MNG,World,WLD,"Currency composition of PPG debt, U.S. dollars (%)",DT.CUR.USDL.ZS,..,..,..,..,..,..,..,..,..,..,..,..,..,..,..,..,..,..,..,..,..,..,47.9223,45.3291,44.3466,38.089,34.4926,34.2647,30.3492,34.3643,35.7828,38.3517,36.5139,38.0486,41.0294,42.5675,43.1809,44.9645,42.6186,42.2125,38.6031,39.6518,69.0609,69.7549,70.395,70.5716,73.4763,75.3461,76.1425,76.6609,78.8681,81.0122,81.0884,..,..,..,..,..,..,..,..
Montenegro,MNE,World,WLD,"Currency composition of PPG debt, U.S. dollars (%)",DT.CUR.USDL.ZS,..,..,..,..,..,..,..,..,..,..,..,..,..,..,..,..,..,..,..,..,..,..,..,..,..,..,..,..,..,..,..,..,..,..,..,..,50.6475,41.6469,40.7963,31.1805,22.6921,18.2573,21.0872,19.3544,18.903,23.2458,23.8283,26.5238,27.6313,28.9227,22.9013,25.7964,27.3619,..,..,..,..,..,..,..,..
Morocco,MAR,World,WLD,"Currency composition of PPG debt, U.S. dollars (%)",DT.CUR.USDL.ZS,40.8964,37.7473,36.7763,33.9595,29.2673,24.7218,34.3346,49.3363,48.6454,50.3774,51.6282,55.6671,58.2432,56.9796,59.3938,52.0018,48.0009,42.2316,45.451,45.4104,40.0457,31.3093,31.7082,31.1272,28.4598,27.222,28.5748,31.2532,38.4452,38.3042,37.6094,38.0596,35.9569,29.6252,27.0869,24.4445,20.153,14.4727,14.1449,13.0693,13.5736,14.9801,19.7739,24.6968,29.9759,33.2733,34.8291,34.0932,35.1023,34.4042,39.7892,42.7113,41.743,..,..,..,..,..,..,..,..
Mozambique,MOZ,World,WLD,"Currency composition of PPG debt, U.S. dollars (%)",DT.CUR.USDL.ZS,..,..,..,..,..,..,..,..,..,..,..,..,..,..,70.9816,64.2575,64.129,60.4761,61.5483,59.4093,52.2097,52.4994,57.8998,59.509,60.4348,60.0264,61.4157,61.4531,62.138,67.2147,68.7008,75.2184,74.0446,74.9161,71.3826,69.5014,64.2158,63.6516,65.3126,64.3928,57.4288,57.4558,58.4024,69.9613,72.9734,72.9333,69.6336,67.562,67.0489,66.5163,65.184,64.9008,65.2331,..,..,..,..,..,..,..,..
Myanmar,MMR,World,WLD,"Currency composition of PPG debt, U.S. dollars (%)",DT.CUR.USDL.ZS,15.6516,15.5764,16.3398,10.9455,9.7968,13.146,16.1944,16.6692,17.1436,20.1317,20.6391,23.6442,27.0536,28.5207,31.128,25.7885,22.3939,19.1542,20.0938,21.8799,21.6423,21.1092,21.6085,21.2317,20.547,20.5955,22.1141,31.5446,26.5657,25.0727,33.4051,35.9478,34.073,31.9204,31.4961,34.1461,34.3191,33.9709,31.9654,32.4991,27.2068,25.5148,24.3965,24.9788,25.9629,29.5943,30.304,30.002,30.3988,30.7261,30.3889,32.3791,33.4569,..,..,..,..,..,..,..,..
Nepal,NPL,World,WLD,"Currency composition of PPG debt, U.S. dollars (%)",DT.CUR.USDL.ZS,6.2355,4.6957,4.4047,10.6599,11.7336,15.3981,16.8391,32.1865,42.315,47.4769,49.5249,50.6982,52.1608,52.9914,52.1882,48.3277,48.6448,52.056,55.0671,54.082,50.0339,48.2255,48.9301,46.8763,44.4103,43.9872,43.9549,42.4277,41.3082,36.6257,38.6419,41.1703,40.3773,43.5436,43.2962,43.5855,44.1911,43.491,42.545,42.4104,41.9177,41.8005,43.208,46.037,47.4799,50.2791,51.5449,52.329,55.7907,58.1028,62.5976,66.245,69.0946,..,..,..,..,..,..,..,..
Nicaragua,NIC,World,WLD,"Currency composition of PPG debt, U.S. dollars (%)",DT.CUR.USDL.ZS,52.152,53.0181,58.069,65.2795,67.5741,69.2834,64.7409,60.8692,59.3965,59.9437,68.7493,68.9719,70.2817,75.8315,79.1328,76.9559,77.2001,76.2889,77.8486,79.2985,79.4079,78.3054,78.6749,79.899,78.5321,72.278,59.3564,68.7304,68.0427,68.5136,70.1649,71.6284,71.2417,71.4956,79.1518,79.8063,74.7621,82.6802,82.5468,82.2286,82.73,83.9439,85.0278,85.8675,87.5692,89.4427,89.7926,89.403,90.0929,90.2968,90.0292,91.0559,91.8637,..,..,..,..,..,..,..,..
Niger,NER,World,WLD,"Currency composition of PPG debt, U.S. dollars (%)",DT.CUR.USDL.ZS,6.9924,5.5245,5.8363,7.1788,7.3521,9.0274,11.3126,14.8281,15.0327,26.2334,30.6829,30.4872,26.1771,23.3328,22.2805,16.3916,15.5407,16.2984,20.0915,25.5232,26.9738,27.66,31.9928,32.7055,36.0799,36.8252,38.1296,40.5357,41.7808,44.2375,46.6917,49.651,52.2255,51.3385,59.1906,58.1032,48.7245,48.4216,48.5976,54.105,62.3855,72.3502,62.424,59.8208,59.2364,51.5357,50.889,48.5925,48.469,50.8165,47.9113,48.8843,54.1828,..,..,..,..,..,..,..,..
Nigeria,NGA,World,WLD,"Currency composition of PPG debt, U.S. dollars (%)",DT.CUR.USDL.ZS,9.8766,14.7671,16.7742,10.7345,9.9777,11.4396,13.9025,10.9823,64.3144,59.1471,54.8237,53.173,49.15,59.3434,57.3933,48.774,40.2188,36.5744,41.3127,43.6751,38.7585,35.478,32.6518,32.6274,30.5367,29.577,31.5374,31.9183,31.2848,32.3106,85.0304,86.5875,86.1552,22.071,21.1049,27.2813,59.3829,59.5565,65.0163,65.9706,70.1795,76.9745,77.6369,78.1462,81.9101,80.6432,82.3527,84.2251,87.6644,88.1215,83.9368,86.5738,86.2067,..,..,..,..,..,..,..,..
North Macedonia,MKD,World,WLD,"Currency composition of PPG debt, U.S. dollars (%)",DT.CUR.USDL.ZS,..,..,..,..,..,..,..,..,..,..,..,..,..,..,..,..,..,..,..,..,..,..,..,57.6228,63.1541,49.7033,50.9535,60.6154,67.296,70.0842,71.8289,72.7584,68.3292,65.0173,62.5582,56.5972,44.7954,36.8329,36.5766,31.3738,32.0523,28.9856,26.9325,25.6146,24.6061,25.7709,26.1423,26.9628,26.0536,29.8405,26.7583,25.6038,25.0986,..,..,..,..,..,..,..,..
Pakistan,PAK,World,WLD,"Currency composition of PPG debt, U.S. dollars (%)",DT.CUR.USDL.ZS,45.6401,45.1012,46.1177,46.3792,52.2357,55.6057,58.4102,56.1658,52.4565,52.3906,53.7957,53.6832,55.6687,54.6819,56.2163,53.1497,48.9955,45.5155,43.1037,41.418,38.1255,35.765,35.9452,37.0068,32.8797,32.9407,35.3657,42.1541,40.0728,40.7179,42.7691,42.0955,42.2771,41.5921,39.2621,42.511,45.1523,46.9448,46.5344,48.632,46.9494,47.7318,51.7369,55.0791,61.1474,63.8949,65.2912,69.977,73.9156,73.9869,75.4692,78.8125,81.1436,..,..,..,..,..,..,..,..
Papua New Guinea,PNG,World,WLD,"Currency composition of PPG debt, U.S. dollars (%)",DT.CUR.USDL.ZS,2.709,5.5036,7.0614,5.2331,6.5057,16.7694,19.836,25.8933,25.2424,24.1315,35.0389,27.8969,39.0287,46.3768,45.5151,39.0353,35.7309,28.4286,28.5949,32.1042,27.2825,22.8289,21.9787,19.6243,20.6636,19.3686,18.5985,19.1905,19.7072,19.1476,21.2875,26.897,26.1106,25.9944,28.1651,33.7481,36.8601,36.2326,38.6501,40.5037,40.989,40.26,40.8694,44.1944,44.4114,46.3756,52.3832,55.0439,70.5511,73.4544,66.1569,59.028,58.1098,..,..,..,..,..,..,..,..
Paraguay,PRY,World,WLD,"Currency composition of PPG debt, U.S. dollars (%)",DT.CUR.USDL.ZS,51.7914,52.0768,48.0778,45.0667,44.2386,43.8389,41.5697,47.3802,46.8792,50.0305,48.4219,45.4446,46.6574,46.2084,46.6477,44.5122,40.1282,37.757,38.7779,34.7755,16.5546,16.7484,17.3911,19.1222,21.4054,27.9907,33.964,40.8334,43.5909,56.0624,59.2082,61.4765,61.9743,64.1518,67.3662,68.7133,68.8454,68.9778,66.1862,67.5766,70.4034,72.566,77.1352,85.1174,90.7824,92.2926,94.6911,95.8933,96.5311,96.8013,97.7456,98.1506,98.7167,..,..,..,..,..,..,..,..
Peru,PER,World,WLD,"Currency composition of PPG debt, U.S. dollars (%)",DT.CUR.USDL.ZS,53.4625,52.785,57.879,63.0839,61.8686,58.1461,57.8819,50.5181,45.156,45.5756,43.0942,44.224,49.921,54.11,59.6382,55.803,50.2346,45.472,47.5853,49.1319,47.5422,43.4095,46.9539,45.9064,43.4057,41.7944,50.0921,54.0516,73.754,73.615,73.4403,75.2352,74.7799,74.6867,72.8532,80.3511,80.17,78.655,72.5961,77.8971,83.5508,83.957,85.713,86.3472,89.938,86.1946,81.7589,81.2097,81.2461,82.0039,87.2936,86.818,88.0436,..,..,..,..,..,..,..,..
Philippines,PHL,World,WLD,"Currency composition of PPG debt, U.S. dollars (%)",DT.CUR.USDL.ZS,62.0684,59.2805,59.5957,52.6835,54.0463,53.6165,59.7052,55.9638,48.3222,51.0861,51.633,51.1437,53.6557,51.0429,52.2953,48.905,48.8762,42.7893,40.9586,40.6313,36.2168,32.8832,33.5998,30.154,27.7572,27.2947,29.6103,33.6489,35.2987,38.9911,42.2049,40.6185,40.6936,41.6019,41.5707,49.4684,53.1207,52.9471,49.818,56.1184,56.4992,58.5119,63.1694,65.4028,70.8147,72.3398,71.6087,72.2816,70.1915,67.2248,72.9913,73.036,76.5338,..,..,..,..,..,..,..,..
Russian Federation,RUS,World,WLD,"Currency composition of PPG debt, U.S. dollars (%)",DT.CUR.USDL.ZS,..,..,..,..,..,..,..,..,..,..,..,..,..,..,..,..,..,..,..,..,..,..,37.4116,62.2221,59.1771,51.8631,49.1748,64.3528,63.2462,70.283,64.9611,66.5988,62.1183,65.0754,64.4959,80.5724,92.6978,94.8651,95.4158,96.7075,97.4762,98.5303,98.9598,98.9325,99.2337,99.3483,99.3108,97.9584,95.4355,94.3696,94.2375,94.2721,93.4582,..,..,..,..,..,..,..,..
Rwanda,RWA,World,WLD,"Currency composition of PPG debt, U.S. dollars (%)",DT.CUR.USDL.ZS,10.4157,14.509,35.19,46.8662,66.4982,61.3346,48.5273,42.8408,39.8796,44.681,48.0038,53.0604,56.0133,52.4605,49.1734,39.1145,35.4615,31.6696,32.4279,38.0324,38.631,42.1572,43.6428,45.7724,44.8369,45.4727,47.5955,50.1581,53.8914,56.7653,58.485,60.2199,61.8978,62.4059,63.3289,63.8252,54.4216,44.4428,42.2906,40.5454,39.5557,46.8391,48.5735,63.1757,64.2809,68.0226,67.5255,68.5544,66.4976,64.4269,65.2428,65.7015,66.0728,..,..,..,..,..,..,..,..
Samoa,WSM,World,WLD,"Currency composition of PPG debt, U.S. dollars (%)",DT.CUR.USDL.ZS,100,100,58.4504,47.0667,39.0453,50.8917,47.8586,50.5064,52.0245,53.1508,53.6777,56.2224,58.0559,56.0405,55.722,53.3129,51.859,47.7359,46.8984,45.6952,41.4384,38.3321,41.1263,40.3871,39.4196,38.2767,37.9818,39.1007,39.8812,38.3728,42.649,43.3599,43.1674,43.4337,44.9391,45.0551,49.979,47.0268,42.1796,37.7585,34.6291,30.0082,26.3448,25.352,23.1514,23.9758,24.6226,25.5135,26.5627,28.7623,29.0238,27.9463,30.515,..,..,..,..,..,..,..,..
Sao Tome and Principe,STP,World,WLD,"Currency composition of PPG debt, U.S. dollars (%)",DT.CUR.USDL.ZS,..,..,..,..,..,..,..,30.498,26.7066,45.0708,63.1187,65.3163,61.7698,62.9485,73.2738,73.5715,67.6348,57.6405,50.8826,44.1921,39.2811,37.9714,35.8892,35.4425,35.6698,40.0206,40.5602,44.9822,43.1817,43.5833,43.6902,45.8294,46.4168,44.4416,44.2713,45.0006,44.7588,64.7483,53.682,58.8449,50.8216,45.0439,38.726,35.3418,48.252,48.725,50.7552,48.8841,47.3392,51.2752,48.6295,50.1986,62.2479,..,..,..,..,..,..,..,..
Senegal,SEN,World,WLD,"Currency composition of PPG debt, U.S. dollars (%)",DT.CUR.USDL.ZS,1.7334,2.4439,3.629,25.1297,34.2773,41.3854,41.4898,38.091,36.4774,33.3959,22.9873,27.662,27.0315,26.6183,30.3121,27.5974,26.3975,24.537,25.3683,32.6064,32.7607,30.451,31.7933,32.3899,34.7136,35.7838,37.2589,40.2957,40.2025,42.1241,44.9884,47.4946,48.3133,49.1744,58.8595,59.5131,40.3371,42.0988,40.2163,44.4114,44.8823,38.6273,36.412,36.5614,44.3433,45.6025,49.4213,56.1616,53.2249,54.3593,51.4095,48.7722,50.3276,..,..,..,..,..,..,..,..
Serbia,SRB,World,WLD,"Currency composition of PPG debt, U.S. dollars (%)",DT.CUR.USDL.ZS,34.4365,34.5646,40.8018,35.1874,35.4578,40.4938,41.3365,42.2052,41.4537,40.3419,52.2131,55.4056,54.3919,59.0512,60.0344,44.2043,32.9331,42.653,15.794,16.6937,17.3202,14.8468,15.2737,16.359,20.4819,19.8364,20.6319,18.8849,21.3379,22.2558,24.6306,26.9791,48.5667,45.7596,62.3479,62.4839,57.6936,55.3132,55.0425,51.291,49.353,49.9316,54.2056,58.3836,63.9924,65.87,65.4614,64.0507,61.8934,50.8431,37.7608,30.8219,34.5274,..,..,..,..,..,..,..,..
Sierra Leone,SLE,World,WLD,"Currency composition of PPG debt, U.S. dollars (%)",DT.CUR.USDL.ZS,16.9071,8.6092,8.671,11.0169,15.8781,19.6732,20.8989,29.5594,30.4514,34.0082,31.254,48.6093,48.5138,52.7312,60.845,58.8663,57.0328,55.3476,57.1113,57.8166,54.9341,54.7828,61.3604,64.3108,61.1655,42.5167,42.1996,45.1244,45.0613,46.3236,46.2596,48.337,48.4547,48.1497,48.2301,55.4123,53.5233,68.3621,64.4915,63.9503,64.3518,64.8382,65.1737,65.1028,65.0015,62.7392,62.2145,62.1991,62.4756,65.2717,67.1547,68.2404,69.1047,..,..,..,..,..,..,..,..
Solomon Islands,SLB,World,WLD,"Currency composition of PPG debt, U.S. dollars (%)",DT.CUR.USDL.ZS,..,..,..,..,..,..,..,..,7.2158,24.7849,40.9368,51.132,50.0871,47.6763,57.0912,57.7206,55.5109,51.7393,51.8539,53.098,52.0421,53.1798,52.0477,48.9738,47.9775,53.9093,55.7436,56.9554,63.9002,66.383,67.0557,71.461,72.8889,73.7555,73.5662,73.6799,73.8889,75.4436,77.9919,77.7176,79.1587,80.5819,81.4067,82.7738,84.2237,85.0937,79.1329,71.3948,69.5616,67.2484,71.6378,60.1881,67.0763,..,..,..,..,..,..,..,..
Somalia,SOM,World,WLD,"Currency composition of PPG debt, U.S. dollars (%)",DT.CUR.USDL.ZS,20.9751,23.7446,29.8871,32.1546,42.5355,42.8444,40.6517,39.8087,39.6454,41.0232,41.0755,47.784,49.8031,51.8343,54.6173,52.4794,52.3313,50.3479,51.9369,53.2665,52.7667,52.2422,52.8092,52.884,52.3989,52.2554,52.7121,53.6682,53.4938,53.7146,54.0897,54.4983,53.8216,52.9632,53.3451,54.1042,53.6546,52.8024,52.7691,52.7224,52.5912,52.5485,52.7982,53.1169,53.9107,54.4372,54.4316,53.9935,48.0796,48.05,57.7231,53.7333,53.0437,..,..,..,..,..,..,..,..
South Africa,ZAF,World,WLD,"Currency composition of PPG debt, U.S. dollars (%)",DT.CUR.USDL.ZS,..,..,..,..,..,..,..,..,..,..,..,..,..,..,..,..,..,..,..,..,..,..,..,..,92.2147,90.644,91.3448,63.2902,81.6915,76.762,81.0052,80.9294,87.0044,78.7676,78.2036,77.6901,64.1075,65.8381,76.4848,76.6433,83.3777,86.7021,88.9899,91.7376,90.8128,90.5608,93.7523,93.8944,94.3371,95.0742,95.0568,95.9206,95.9418,..,..,..,..,..,..,..,..
Sri Lanka,LKA,World,WLD,"Currency composition of PPG debt, U.S. dollars (%)",DT.CUR.USDL.ZS,19.5203,17.7626,19.7684,22.2903,23.3771,23.9594,24.7437,26.7422,26.1896,29.331,36.7808,44.9264,53.232,53.5857,55.9637,51.2364,45.2938,39.7814,38.3387,37.5311,36.2048,36.2087,36.7153,36.496,34.6316,35.8599,38.3492,42.3668,41.4311,36.6737,38.9508,40.2493,39.6691,40.2849,39.7119,41.1576,41.3606,44.4757,40.5816,42.9734,48.001,51.9841,62.1277,68.4177,71.0106,73.0861,75.4306,75.6166,77.1285,78.392,77.6881,75.125,77.604,..,..,..,..,..,..,..,..
St. Lucia,LCA,World,WLD,"Currency composition of PPG debt, U.S. dollars (%)",DT.CUR.USDL.ZS,..,..,..,..,..,..,..,..,..,..,..,38.1211,42.4302,44.4157,47.983,50.3738,46.4358,33.3745,31.1926,32.2811,32.801,36.4254,45.3024,51.1422,50.5504,53.3679,57.8066,62.4239,65.4403,64.618,56.3134,59.5593,64.1274,67.6081,69.9326,69.8686,67.9287,70.3925,74.6303,75.1258,77.2903,77.1411,79.1419,80.8656,83.127,91.8754,94.0791,95.2346,95.9639,96.8303,97.4632,98.1354,98.5267,..,..,..,..,..,..,..,..
St. Vincent and the Grenadines,VCT,World,WLD,"Currency composition of PPG debt, U.S. dollars (%)",DT.CUR.USDL.ZS,0,0,0.2579,0.7173,2.2249,4.9317,8.8274,11.2567,14.4876,16.242,20.8675,35.9406,38.2855,40.2345,45.39,47.2355,54.0764,58.5365,63.1075,68.3275,66.0496,64.6627,64.7811,66.5163,68.1754,68.2245,68.3946,72.6692,69.3074,82.0298,82.2023,83.9218,82.4828,71.9122,68.2861,73.8499,75.0251,71.4113,78.2106,80.3706,86.7128,89.5526,91.5767,94.1896,96.0742,96.164,96.2674,93.1643,92.6567,91.7453,92.7094,93.6197,89.6477,..,..,..,..,..,..,..,..
Sudan,SDN,World,WLD,"Currency composition of PPG debt, U.S. dollars (%)",DT.CUR.USDL.ZS,15.3207,15.5097,21.7016,20.6869,31.8991,41.3891,48.6526,51.0929,52.0213,53.122,54.7321,66.7121,66.0488,64.4556,66.7593,49.2301,47.1843,43.9788,47.8398,50.1297,48.1535,48.6758,50.2566,51.0144,49.3386,47.6528,49.4094,50.8978,49.9739,51.82,60.3027,58.8829,56.2425,53.6043,52.0772,53.3485,51.7014,49.7761,48.5727,49.9961,50.2586,51.3798,52.8354,53.6846,55.1665,55.0601,55.1571,53.9715,53.8908,50.1124,49.2414,48.3527,48.7301,..,..,..,..,..,..,..,..
Suriname,SUR,World,WLD,"Currency composition of PPG debt, U.S. dollars (%)",DT.CUR.USDL.ZS,..,..,..,..,..,..,..,..,..,..,..,..,..,..,..,..,..,..,..,..,..,..,..,..,..,..,..,..,..,..,..,..,..,..,..,..,..,..,..,..,..,..,..,..,..,77.8349,87.5878,82.3679,81.1354,79.0537,77.1072,77.0469,80.5875,..,..,..,..,..,..,..,..
Syrian Arab Republic,SYR,World,WLD,"Currency composition of PPG debt, U.S. dollars (%)",DT.CUR.USDL.ZS,..,..,..,..,..,..,..,..,..,..,..,..,..,..,..,..,..,..,..,..,..,..,..,..,..,..,..,..,..,..,..,..,..,..,..,..,..,..,33.3237,31.0955,28.6555,26.7929,27.1326,27.4734,29.2303,30.4178,30.6882,29.374,29.5232,29.6224,28.7039,29.6441,30.7817,..,..,..,..,..,..,..,..
Tajikistan,TJK,World,WLD,"Currency composition of PPG debt, U.S. dollars (%)",DT.CUR.USDL.ZS,..,..,..,..,..,..,..,..,..,..,..,..,..,..,..,..,..,..,..,..,..,..,100,95.3737,96.8378,96.9853,100,100,98.9688,97.7676,97.9186,91.8218,91.3051,89.1818,85.6091,85.8947,85.158,85.9985,86.2346,83.0368,82.2988,81.8584,80.3167,80.2608,79.7083,72.5027,74.3677,76.2172,74.7189,73.7285,71.8848,69.8666,70.2283,..,..,..,..,..,..,..,..
Tanzania,TZA,World,WLD,"Currency composition of PPG debt, U.S. dollars (%)",DT.CUR.USDL.ZS,28.2551,5.2184,5.2366,5.1054,5.21,6.5903,7.6825,8.7552,9.0855,11.8088,13.3392,14.9066,17.3122,20.1258,26.8647,24.2089,32.0528,32.0555,33.8779,36.5459,35.8792,37.6971,37.1194,38.1663,38.7507,38.8535,40.3334,46.4986,46.7977,47.1999,51.8758,52.2595,53.4456,56.9538,57.0737,53.8438,45.162,46.0792,47.9034,50.6172,53.1849,54.1975,59.0699,65.4535,68.1407,69.0655,68.9437,69.1076,69.8257,70.9876,70.2681,65.2907,66.3491,..,..,..,..,..,..,..,..
Thailand,THA,World,WLD,"Currency composition of PPG debt, U.S. dollars (%)",DT.CUR.USDL.ZS,21.6208,19.2162,16.3678,14.3217,14.596,14.231,23.0019,26.1376,30.7339,39.4811,41.0066,42.8532,39.7969,33.8359,31.0491,24.7222,18.3443,15.1074,18.5327,21.6653,15.7628,17.9125,21.7146,21.5711,22.7854,27.1011,32.352,46.9835,49.0085,44.5109,46.2693,48.0966,38.4785,32.8945,28.8402,33.7671,31.6817,27.276,30.9363,35.4121,55.7786,68.63,78.8416,82.9354,83.5729,82.0506,82.2131,85.9798,89.9194,92.0998,90.7009,92.0733,92.4064,..,..,..,..,..,..,..,..
Timor-Leste,TLS,World,WLD,"Currency composition of PPG debt, U.S. dollars (%)",DT.CUR.USDL.ZS,0,0,0,0,0,0,0,0,0,0,0,0,0,0,0,0,0,0,0,0,0,0,0,0,0,0,0,0,0,0,0,0,0,0,0,0,0,0,0,0,0,0,100,64.0364,89.4873,94.9719,96.6369,91.7226,90.8723,86.9785,85.9923,86.3242,86.7419,..,..,..,..,..,..,..,..
Togo,TGO,World,WLD,"Currency composition of PPG debt, U.S. dollars (%)",DT.CUR.USDL.ZS,15.4367,16.9806,15.5271,9.3335,5.7439,6.6012,12.2028,13.0131,13.6518,15.7342,18.0775,21.4499,24.1661,29.9961,37.0686,35.3247,36.7377,35.0389,38.2906,47.3958,45.7538,47.5438,48.723,49.0465,48.5974,48.9884,50.7492,51.006,51.3711,53.0132,53.9397,54.2142,52.4129,50.1998,48.98,51.0321,49.6414,48.2483,59.8597,59.8698,65.5204,42.5186,52.9923,39.3402,39.7344,39.0048,37.4979,34.0463,34.5881,36.3449,34.4051,36.6391,41.016,..,..,..,..,..,..,..,..
Tonga,TON,World,WLD,"Currency composition of PPG debt, U.S. dollars (%)",DT.CUR.USDL.ZS,..,..,..,..,..,..,..,..,..,..,..,..,..,..,..,3.2986,2.2609,1.409,4.9641,4.4228,6.0826,7.3178,7.5762,7.8357,15.1751,14.479,14.4354,13.3305,11.7596,9.5451,7.8691,7.815,14.277,23.3706,24.9217,30.5749,33.7971,37.6078,36.183,32.2216,22.7467,17.5227,16.4374,15.8312,17.1743,18.1058,20.3111,22.5606,25.7135,27.5859,27.3245,26.0821,27.3038,..,..,..,..,..,..,..,..
Tunisia,TUN,World,WLD,"Currency composition of PPG debt, U.S. dollars (%)",DT.CUR.USDL.ZS,37.5976,37.4127,35.1222,33.5492,31.6839,31.0487,29.4683,32.3454,34.4709,33.7041,33.622,35.2855,32.8404,36.1145,37.4098,33.8034,29.9844,25.0664,27.2092,26.2216,21.9646,18.9977,20.9526,19.382,16.5286,17.5424,24.4757,28.6211,41.0357,31.5784,30.0805,26.868,28.1409,22.9997,20.1225,20.1738,17.5186,14.1138,12.745,12.4382,12.2437,15.3088,19.7545,19.8705,24.8785,31.3916,32.9736,33.2114,34.7404,32.4165,33.8839,30.7454,30.4434,..,..,..,..,..,..,..,..
Turkiye,TUR,World,WLD,"Currency composition of PPG debt, U.S. dollars (%)",DT.CUR.USDL.ZS,49.2703,48.4976,55.3187,53.6979,50.6261,51.1184,45.8442,41.9932,38.907,42.1498,43.4841,43.7849,45.6666,48.1213,52.4384,47.1691,41.8085,37.542,39.15,41.4371,39.9722,35.9864,36.408,36.3821,36.1888,38.3224,42.2444,49.2406,51.7022,52.3783,58.0072,63.8931,65.0424,67.7355,69.7004,72.1373,70.9258,70.2678,69.3447,68.8465,68.513,66.0314,66.785,66.0566,67.9147,69.3123,69.7613,68.9942,69.02,70.9527,73.462,76.507,78.4682,..,..,..,..,..,..,..,..
Turkmenistan,TKM,World,WLD,"Currency composition of PPG debt, U.S. dollars (%)",DT.CUR.USDL.ZS,..,..,..,..,..,..,..,..,..,..,..,..,..,..,..,..,..,..,..,..,..,..,..,90.8841,76.9414,72.0865,84.832,82.7123,72.1051,60.3895,51.4595,45.5518,35.3121,25.3495,17.7698,18.2187,13.3603,9.3779,9.3462,7.6342,68.0703,78.5428,84.9552,90.1075,90.6428,90.9256,88.2592,85.7959,84.8777,82.128,78.9407,78.5355,82.5621,..,..,..,..,..,..,..,..
Uganda,UGA,World,WLD,"Currency composition of PPG debt, U.S. dollars (%)",DT.CUR.USDL.ZS,6.9473,7.7039,8.5073,10.2087,19.9216,22.0518,22.6087,30.5625,23.2045,38.4287,43.6547,59.2858,56.328,53.5843,50.5727,43.8415,42.3809,46.8598,47.2267,51.1055,52.9808,54.2985,59.1407,62.5598,63.1649,66.163,65.2024,67.4223,66.0875,60.6388,62.4603,66.3062,65.5443,66.7,68.0233,68.0316,56.0979,62.64,61.098,62.7038,62.9971,61.518,60.4728,60.8217,60.7224,61.6602,63.2527,64.2808,63.7515,64.2777,59.032,59.1155,60.5393,..,..,..,..,..,..,..,..
Ukraine,UKR,World,WLD,"Currency composition of PPG debt, U.S. dollars (%)",DT.CUR.USDL.ZS,..,..,..,..,..,..,..,..,..,..,..,..,..,..,..,..,..,..,..,..,..,..,46.9801,72.9897,56.5142,63.2504,57.141,58.7139,49.642,57.3441,53.222,55.3743,55.7522,62.445,71.6167,72.2217,69.4498,72.8111,72.9524,54.8147,53.2704,59.1417,64.1233,76.4293,76.0714,79.5291,81.5215,79.2535,80.0795,76.1881,70.1243,71.7175,55.9302,..,..,..,..,..,..,..,..
Uzbekistan,UZB,World,WLD,"Currency composition of PPG debt, U.S. dollars (%)",DT.CUR.USDL.ZS,..,..,..,..,..,..,..,..,..,..,..,..,..,..,..,..,..,..,..,..,..,..,45.459,97.0705,98.0065,66.4387,64.3856,65.8181,62.2063,57.923,56.6804,57.7212,54.3869,50.3352,49.5487,52.8124,51.5973,49.232,47.4379,51.9777,53.5085,55.5757,59.599,63.9816,67.0956,68.2235,67.4761,64.0848,68.9435,73.236,75.479,78.7316,82.5128,..,..,..,..,..,..,..,..
Vanuatu,VUT,World,WLD,"Currency composition of PPG debt, U.S. dollars (%)",DT.CUR.USDL.ZS,..,..,..,..,..,..,..,..,..,..,..,0,0,0,5.5887,8.843,12.0221,18.3603,25.0881,25.8097,22.3698,38.3146,43.0289,46.7255,45.7328,43.2831,44.233,46.2871,59.8632,61.2144,56.8224,55.2227,53.4266,53.1154,53.1706,54.0118,54.1182,51.2615,47.1236,41.5919,40.9073,39.129,36.4751,30.9533,30.8162,17.4387,15.5283,17.2379,23.6812,32.9618,34.6797,39.3524,45.5935,..,..,..,..,..,..,..,..
Viet Nam,VNM,World,WLD,"Currency composition of PPG debt, U.S. dollars (%)",DT.CUR.USDL.ZS,..,..,..,..,..,..,..,..,..,..,..,100,100,100,100,100,100,100,57.7809,4.5132,5.5275,5.5578,5.5229,5.8023,6.6586,8.606,10.5357,30.8771,29.5632,27.1013,43.5696,41.6707,38.7363,39.7451,41.6374,45.0003,42.581,43.4911,41.2555,45.4298,50.1324,50.4252,52.9622,57.1183,60.5529,61.181,60.1809,59.8402,59.6124,58.966,56.9485,58.1526,59.7806,..,..,..,..,..,..,..,..
"Yemen, Rep.",YEM,World,WLD,"Currency composition of PPG debt, U.S. dollars (%)",DT.CUR.USDL.ZS,..,50.1201,26.2662,37.3995,33.5069,31.9726,32.8611,31.6924,30.0097,28.0988,22.4646,23.6656,26.2663,25.3111,27.4072,26.2486,26.9979,24.4912,24.5802,23.3608,22.186,22.5701,22.6324,22.6994,23.0889,23.5004,25.3676,59.4296,66.6109,67.2522,70.3089,66.9529,67.5184,67.7668,68.6726,69.5618,68.3666,65.1795,63.0771,62.3966,60.6132,59.8606,64.2076,63.4345,61.4135,62.67,62.5322,62.9975,62.487,61.4234,60.5175,60.128,60.0405,..,..,..,..,..,..,..,..
Zambia,ZMB,World,WLD,"Currency composition of PPG debt, U.S. dollars (%)",DT.CUR.USDL.ZS,53.6922,50.7565,47.0467,34.897,27.2213,34.3877,31.782,28.3913,22.5759,18.8189,20.1348,27.0005,31.1795,31.898,36.4222,33.6321,32.4064,28.5559,29.5087,31.6492,28.0661,31.2025,34.3333,38.3355,38.6118,39.5947,41.088,44.2875,43.8857,55.6032,61.6608,56.9445,57.4414,58.5794,59.0257,72.4464,34.142,38.2249,38.0822,36.9632,37.5777,55.789,70.9149,72.5675,79.1312,81.6674,81.8653,83.5797,83.5742,83.9937,84.6387,84.2638,84.9321,..,..,..,..,..,..,..,..
Zimbabwe,ZWE,World,WLD,"Currency composition of PPG debt, U.S. dollars (%)",DT.CUR.USDL.ZS,0.2618,0.2113,0.2273,0,0,0,0,0,2.4066,2.881,0.4118,26.0735,35.579,37.6895,45.6257,41.4844,39.5998,33.5692,31.1154,32.6273,29.4947,27.1418,30.9103,28.8466,29.1466,27.1174,26.7927,29.6421,29.5286,29.276,30.8904,32.2661,30.0522,28.0368,28.1311,29.5796,28.6331,30.1261,31.0083,30.2808,30.5712,31.8024,32.242,32.1389,35.2699,39.7992,39.8713,39.6654,43.8877,44.7467,43.5681,46.2687,50.1461,..,..,..,..,..,..,..,..
East Asia & Pacific (excluding high income),EAP,World,WLD,"Currency composition of PPG debt, U.S. dollars (%)",DT.CUR.USDL.ZS,38.021491240577,39.4761042523141,43.5207803111474,43.7579923469331,47.0734321346697,53.1593741373109,52.6941406313425,47.6702995374159,40.265378271776,40.737035795912,39.4906817498012,39.6336688595031,40.1483462252421,39.2732584738936,38.7412714110617,32.6671826799017,30.3995311109261,25.8118933571605,26.6492639526641,25.5620754472566,23.0804540384374,24.3506551253794,29.2714575277721,31.7727798707247,32.1760854828315,35.8322499032719,41.4022108167158,51.4845141441572,53.4444874730979,49.874283629827,55.2849097162379,58.4685204559281,55.5205219163377,54.1302575749121,51.5888388807298,55.484136202411,56.6176311374821,58.8355656786585,58.135403323357,61.9244135104288,62.3682073702419,65.4320642388669,72.4476127920507,76.5880328934162,80.914340750604,80.7105257220084,80.7013847163338,80.3806714790822,81.2826252623582,81.3980952346031,81.7473966184621,81.2171890000895,82.6572252909083,..,..,..,..,..,..,..,..
Europe & Central Asia (excluding high income),ECA,World,WLD,"Currency composition of PPG debt, U.S. dollars (%)",DT.CUR.USDL.ZS,43.2241531636174,43.0700916162161,49.4204430533407,46.1539470970116,44.3678112287725,46.9039111165666,40.1560757010697,39.6747596432979,40.4451513578731,42.0520924183982,40.9463372050502,42.9602889593906,44.0603167105132,45.9623790713729,63.3442392460093,54.4712248654893,44.0055701600294,42.4802034140464,37.3081792991499,35.057012497352,34.828079768594,33.6161666749874,35.8511202184931,52.4136243423951,51.9031074583963,47.7656709355343,47.7797767134075,59.2754647359575,59.0890756830645,63.3804800192577,61.2711447094512,63.995087284716,62.088464298375,64.177865215802,65.3044107367751,72.9310264630745,78.0445514110458,79.9993232786329,79.8875195200672,79.5023042366834,79.6296891205495,81.018199738725,82.2681008654592,84.7716365671504,84.0320260979608,83.6979363669801,82.5399546641868,81.9316440563769,79.7900000987987,78.9545253259712,76.6786638513103,76.6003752864437,73.7861602957539,..,..,..,..,..,..,..,..
Latin America & Caribbean (excluding high income),LAC,World,WLD,"Currency composition of PPG debt, U.S. dollars (%)",DT.CUR.USDL.ZS,56.6784539641486,57.7472473846091,59.4384867131136,61.3455740574652,65.8181612270925,68.9645281595338,70.1919934218011,65.8698298531637,62.8791572446751,65.7857115271877,67.4518892000711,70.6220297635891,72.9068238588216,74.1404374128283,75.6657064571236,73.1165433416433,68.2878195809153,60.1878890549407,61.4006971813182,59.9709623647347,58.1287065852625,56.7736408574066,57.6322469794934,60.8602623971844,62.0910926043195,62.0949008138486,62.700052943485,64.1545061509332,70.5209423753477,69.8631227217239,71.3505078484305,75.5497583101571,76.0532855996718,77.2817874337276,77.3339797021442,81.6317429725477,81.3648479776613,82.1324593440992,83.142314825099,80.9677618088291,83.8771930940213,86.1715306135756,87.1802808380085,88.5296650224775,89.7705969125822,89.8661454976611,87.8064055919007,87.1837899728307,87.4371080829824,88.1871578188761,90.7221249411514,91.4112255210615,92.345010511588,..,..,..,..,..,..,..,..
Low & middle income,LMY,World,WLD,"Currency composition of PPG debt, U.S. dollars (%)",DT.CUR.USDL.ZS,42.6799110290916,42.4983154547793,44.3947238512587,44.4823952776317,47.6319751608545,52.2367564057506,54.0951475984067,52.081352485066,50.006833518282,51.4312902671505,52.4229456999096,56.0265892209896,58.1899402791043,60.3630534132535,63.1909339963583,58.455217966655,53.2071588286306,47.3279575942005,48.1475419733632,47.2212664229623,43.8393950935039,42.4999044685084,43.8275230469194,47.9921604198097,47.7134723539316,47.6557501401853,49.6628100024083,54.9206982567722,57.7535282164215,58.0972165438402,61.4254100946729,64.472450937,63.833842201294,61.5256013376906,61.7550654980225,65.4789113544876,66.5398279588138,67.7896832917534,67.8564369146309,68.1317911470383,70.1655786700146,72.3108474798566,75.5965186401907,78.5709733335033,80.803234536734,81.2323513550906,80.7065176369306,80.401738358991,80.3782043687167,80.3933444653106,80.2904169963703,80.5571599894381,80.9116545673894,..,..,..,..,..,..,..,..
Low income,LIC,World,WLD,"Currency composition of PPG debt, U.S. dollars (%)",DT.CUR.USDL.ZS,24.5567920737642,28.0642188471426,30.6115339053004,32.5442558766901,32.7301332960852,36.0992231361003,43.5636687842203,42.3606315543063,42.3487912095835,41.8949182269153,46.3570391080494,51.3339156977229,51.7624950286671,53.8838907202952,56.1986278577883,52.0447390499237,50.7220428159421,49.0966706142297,50.7596459110919,52.055997265346,49.3368820704599,50.3833984900496,51.5372775088422,52.1837902300881,51.8650633492451,51.1148225507156,51.9442282451518,55.6909283747406,55.8768173200402,61.8602611721486,64.1618884769746,65.1963834970996,63.583798669045,62.6613822810644,62.9371202106856,58.8204857503881,53.1245434111086,52.2060911930507,52.7763707537734,53.8029711553908,54.4766826629426,55.9553710918245,57.5635726753834,59.4146695098578,63.1794705313778,64.5860018044712,65.1117955341794,64.3254327803839,65.1308588123166,64.5723241084999,63.5114416171334,63.4321777066038,63.8068701856274,..,..,..,..,..,..,..,..
Lower middle income,LMC,World,WLD,"Currency composition of PPG debt, U.S. dollars (%)",DT.CUR.USDL.ZS,37.9650379014179,36.4759670165975,36.3616145026934,34.3840294231689,35.5841657183129,41.0257237272082,42.9618525632365,43.7627514881007,42.6070707942458,43.2681921822977,45.2869158083917,49.0463477088116,51.2367638376897,53.3718935670918,55.371853488059,51.2872816441845,48.0886626510137,43.9053534685248,46.4191582369692,45.7563335542449,41.4172901505492,38.8499028415664,39.2328488547302,40.5103900295661,39.1720313794158,38.5706746821397,39.9967528671087,44.5207607708164,45.5426949648159,46.1937820915193,52.706816957576,54.2326817680514,54.1534247747345,46.2661188130711,46.4079090768481,50.0592979535241,50.3592595205159,51.0449793782888,50.7600705392866,51.8043667024197,53.7879416894412,55.3582327110761,59.4534359493049,63.7180601193776,68.2420295461683,70.641939715135,70.945434798514,71.4888305148911,71.999645444444,71.7848912252113,70.7972062940481,71.9911006742603,72.093538466811,..,..,..,..,..,..,..,..
Middle East & North Africa (excluding high income),MNA,World,WLD,"Currency composition of PPG debt, U.S. dollars (%)",DT.CUR.USDL.ZS,33.0307285001865,34.6206336361193,36.6568672611297,36.5911671230417,38.0513077626982,48.1867373707961,49.9221709494732,52.6879679470367,50.3766239490409,49.8312085967241,52.6345247697665,58.1037714764081,61.0554925351353,63.1535037484353,64.0898797188703,59.4415251056107,56.1516088847565,51.3969145223945,54.3765562159662,53.3858593782357,44.4679949582114,41.9530436042699,41.9755628254779,43.3095537681685,44.1106573148568,42.4820003329219,43.1478238229458,46.0843368728661,49.6329316140468,48.813245999693,49.7101542137262,51.8188922213176,50.3437053751116,45.0482685413581,52.4884415995064,53.3233267712558,51.0735791156234,48.7529819486854,44.364281991613,43.5198089481348,44.4343378792964,44.7414669930355,47.6117974310146,53.3314942537982,55.2778836012226,60.4132318593175,62.1748770060915,61.9754932760411,63.6575122456006,63.4356350513926,63.1419794411985,65.0549523663253,65.5196450190059,..,..,..,..,..,..,..,..
Middle income,MIC,World,WLD,"Currency composition of PPG debt, U.S. dollars (%)",DT.CUR.USDL.ZS,43.8446745265557,43.397455336232,45.2655101955631,45.2535968495494,48.7369347249657,53.4074109758888,54.829883693051,52.8088544624034,50.5462951096821,52.105860498496,52.8583510330365,56.3985272578337,58.7179425062239,60.8976956086956,63.748226581862,58.9898704271407,53.4158356126483,47.1769154646747,47.9255849595437,46.8197457528106,43.3802753259951,41.8323081730778,43.1843856137271,47.6677062126235,47.40677142522,47.4047438894353,49.4973648340351,54.8668477240399,57.8856200926387,57.8605834589138,61.2454819053121,64.4258626914938,63.8504446319739,61.4467051841138,61.6774483764077,65.8830099045993,67.1936779463856,68.5460043821678,68.5989633116659,68.8231742914944,70.809796074404,72.9551079747055,76.2837375361724,79.3100453909955,81.4851461996983,81.8986751725448,81.3214663770105,81.0149406483585,80.9449132949079,80.9744455248882,80.9209647308369,81.1766014270883,81.5292274983445,..,..,..,..,..,..,..,..
South Asia,SAS,World,WLD,"Currency composition of PPG debt, U.S. dollars (%)",DT.CUR.USDL.ZS,41.3222441749951,40.8756970441341,39.2987168128893,36.6713234071836,36.7927449834745,40.2613881008539,41.1182928866455,40.0013428872688,38.1839750240743,41.2815795659454,43.1015533908794,46.1600135656045,49.9219988623541,52.1323519318243,55.3346491365885,54.2187371863246,52.2839147007044,50.020499972423,51.6847925070525,57.1233318017512,55.1727115562176,52.0377108791936,52.1106076832008,52.0383777225288,47.352897950257,46.9663293056262,49.5869620077246,53.780256325699,53.0770407013127,53.1466332082801,57.0383215091673,58.7381187079088,60.438688732615,54.1674517569783,54.949347816228,54.7617750691364,55.9902421545568,57.9581322899194,56.402808391737,59.2538070347924,60.5837615530833,61.4523681391498,66.4861004111576,69.4695904403791,74.3588262590251,75.9492495074581,75.1387908202024,76.8713629765654,77.0921977587257,77.2758828957494,76.2879294393329,77.8533731480927,78.6195539459236,..,..,..,..,..,..,..,..
Sub-Saharan Africa (excluding high income),SSA,World,WLD,"Currency composition of PPG debt, U.S. dollars (%)",DT.CUR.USDL.ZS,22.2585957143877,21.0649620579692,22.9889242310049,23.8608608588975,25.6837993100832,28.8264876701571,33.4522649698347,32.7044453030284,34.5875431225928,34.2103823144925,35.6170989891069,39.4906330630388,39.6323721098473,42.3146028044379,44.9281911246176,39.7761976025702,36.9478611386526,34.4248294595648,37.2730166951151,39.1719624174228,36.8617692808212,36.3485296101833,37.1439366041896,40.6075983513922,40.8170417009379,40.9320364640947,42.9647568942232,44.8633815977206,46.465912229982,49.650799366897,60.9720739256192,61.9407506115969,62.2248778500852,50.3719479156727,49.9605966909927,54.6772052250099,51.8549257700317,52.0586112361838,55.9904517322002,55.6375371220998,61.3853389532237,64.1743901406524,67.7549212700667,69.688647090743,73.0709249961886,73.6592228779562,76.2244639856035,76.6377727337886,76.6423105877473,76.8719518726296,74.6828650086248,74.0808728989291,73.9317175048174,..,..,..,..,..,..,..,..
Upper middle income,UMC,World,WLD,"Currency composition of PPG debt, U.S. dollars (%)",DT.CUR.USDL.ZS,50.4483767224028,51.1255556755502,54.2628971594631,55.621862050097,59.7883698665755,63.4249466196358,63.8369982774804,59.9086444795234,56.740020505999,58.8392375406959,58.6409875097994,61.7549457516834,63.9428491186615,65.6012515462272,68.5374751418918,63.470895889969,56.7063990215743,49.2521998687826,48.9092229285841,47.5865545562153,44.8253522362937,44.0060069202342,45.9694693056821,52.4005613470356,52.8789658995209,53.0493219469145,55.2946335356433,60.8148024577376,64.9823526440722,64.4713261913777,66.0338255264293,70.0053640479859,69.3647065687387,69.968634090086,69.8659034580944,74.3933352606047,75.4120127408137,77.0494258068273,77.5058483344058,77.4764275027888,79.2665840927857,81.3710216267319,83.8332093729114,86.0515267900556,87.3969115684916,87.3191100697751,86.2081554005249,85.6551877756608,85.3536523800409,85.5942627727839,86.1642273699807,86.045886418009,86.808434994625,..,..,..,..,..,..,..,..
,,,,,,,,,,,,,,,,,,,,,,,,,,,,,,,,,,,,,,,,,,,,,,,,,,,,,,,,,,,,,,,,,,
,,,,,,,,,,,,,,,,,,,,,,,,,,,,,,,,,,,,,,,,,,,,,,,,,,,,,,,,,,,,,,,,,,
,,,,,,,,,,,,,,,,,,,,,,,,,,,,,,,,,,,,,,,,,,,,,,,,,,,,,,,,,,,,,,,,,,
Data from database: International Debt Statistics,,,,,,,,,,,,,,,,,,,,,,,,,,,,,,,,,,,,,,,,,,,,,,,,,,,,,,,,,,,,,,,,,,
Last Updated: 02/29/2024,,,,,,,,,,,,,,,,,,,,,,,,,,,,,,,,,,,,,,,,,,,,,,,,,,,,,,,,,,,,,,,,,,
